Month,International travellers entering or returning to Canada,Non-resident visitors entering Canada,United States of America residents entering Canada,"United States of America residents, air","United States of America residents, land","United States of America residents, water",Residents of countries other than the United States of America entering Canada,"Residents of countries other than the United States of America, air","Residents of countries other than the United States of America, land","Residents of countries other than the United States of America, water",Canadian-resident visitors returning to Canada,Canadian residents returning from the United States of America,"Canadian residents returning from the United States of America, air","Canadian residents returning from the United States of America, land","Canadian residents returning from the United States of America, water",Canadian residents returning from countries other than the United States of America,"Canadian residents returning from countries other than the United States of America, air","Canadian residents returning from countries other than the United States of America, land","Canadian residents returning from countries other than the United States of America, water",Other travellers entering or returning to Canada,Crew entering or returning to Canada,"Crew, United States of America residents entering Canada","Crew, residents of countries other than the United States of America entering Canada","Crew, Canadian residents returning to Canada",Other non-tourism related purposes
January 1972,"3,424,506","1,379,519","1,360,612","43,711","1,316,823",78,"18,907","11,784","7,115",8,"1,870,342","1,776,119","92,684","1,683,285",150,"94,223","84,590","9,594",39,"174,645","174,645","67,362",0,"107,283",0
February 1972,"3,290,221","1,431,063","1,409,881","61,811","1,347,802",268,"21,182","17,110","3,464",608,"1,685,711","1,617,609","92,578","1,525,011",20,"68,102","66,277","1,430",395,"173,447","173,447","66,634",0,"106,813",0
March 1972,"4,120,948","1,739,676","1,708,559","79,182","1,629,081",296,"31,117","23,264","7,853",0,"2,208,453","2,097,841","133,464","1,964,358",19,"110,612","106,915","3,697",0,"172,819","172,819","71,317",0,"101,502",0
April 1972,"4,801,257","2,098,156","2,055,510","84,630","1,970,598",282,"42,646","28,999","13,636",11,"2,538,543","2,452,398","128,877","2,323,409",112,"86,145","84,802","1,339",4,"164,558","164,558","70,498",0,"94,060",0
May 1972,"5,849,057","2,987,394","2,906,659","98,872","2,785,818","21,969","80,735","50,028","29,530","1,177","2,680,776","2,600,898","90,018","2,507,339","3,541","79,878","76,720","1,201","1,957","180,887","180,887","77,315",0,"103,572",0
June 1972,"7,290,092","4,254,545","4,138,215","135,993","3,834,770","167,452","116,330","80,299","34,401","1,630","2,847,323","2,758,428","77,745","2,665,278","15,405","88,895","86,707",922,"1,266","188,224","188,224","81,165",0,"107,059",0
July 1972,"11,569,839","6,987,169","6,817,482","144,211","6,393,911","279,360","169,687","109,263","59,640",784,"4,405,556","4,304,752","73,433","4,173,477","57,842","100,804","96,006","1,551","3,247","177,114","177,114","71,220",0,"105,894",0
August 1972,"10,892,303","6,583,003","6,431,919","157,119","6,004,676","270,124","151,084","80,722","68,986","1,376","4,115,331","3,933,925","83,708","3,794,149","56,068","181,406","172,316","2,191","6,899","193,969","193,969","75,377",0,"118,592",0
September 1972,"6,623,224","3,628,550","3,522,034","114,288","3,351,920","55,826","106,516","62,513","41,224","2,779","2,810,531","2,676,198","75,452","2,584,988","15,758","134,333","129,882","1,571","2,880","184,143","184,143","71,418",0,"112,725",0
October 1972,"5,227,270","2,473,249","2,397,376","99,756","2,290,098","7,522","75,873","43,590","31,337",946,"2,568,029","2,479,419","88,904","2,389,055","1,460","88,610","86,251","1,405",954,"185,992","185,992","77,244",0,"108,748",0
November 1972,"4,042,636","1,855,704","1,813,759","82,499","1,730,586",674,"41,945","27,482","13,423","1,040","2,003,280","1,950,729","87,832","1,862,517",380,"52,551","50,346","1,687",518,"183,652","183,652","76,790",0,"106,862",0
December 1972,"3,747,598","1,730,150","1,683,984","85,927","1,597,491",566,"46,166","37,498","8,219",449,"1,857,281","1,799,310","91,218","1,707,920",172,"57,971","56,367","1,192",412,"160,167","160,167","64,591",0,"95,576",0
January 1973,"3,767,635","1,508,870","1,481,597","74,048","1,407,424",125,"27,273","19,776","6,598",899,"2,013,221","1,889,309","138,861","1,750,418",30,"123,912","121,709","1,728",475,"245,544","238,033","93,249","13,428","131,356","7,511"
February 1973,"3,586,557","1,496,932","1,469,114","72,640","1,396,231",243,"27,818","20,579","5,721","1,518","1,847,382","1,755,008","115,517","1,639,405",86,"92,374","90,530","1,360",484,"242,243","233,937","94,038","12,312","127,587","8,306"
March 1973,"4,623,000","1,859,570","1,822,610","84,051","1,737,787",772,"36,960","27,131","9,701",128,"2,485,374","2,330,862","161,816","2,168,940",106,"154,512","150,375","3,342",795,"278,056","265,000","107,947","16,236","140,817","13,056"
April 1973,"5,303,805","2,344,516","2,279,916","99,491","2,179,074","1,351","64,600","39,152","24,356","1,092","2,690,837","2,584,222","135,145","2,448,393",684,"106,615","103,776","2,086",753,"268,452","255,785","104,041","22,922","128,822","12,667"
May 1973,"6,035,037","3,038,201","2,946,503","117,706","2,796,093","32,704","91,698","60,671","30,378",649,"2,688,144","2,592,834","102,938","2,486,388","3,508","95,310","92,142","1,472","1,696","308,692","294,770","115,135","33,878","145,757","13,922"
June 1973,"7,666,514","4,448,501","4,308,219","156,363","3,998,624","153,232","140,282","103,790","35,569",923,"2,901,393","2,806,323","87,925","2,693,027","25,371","95,070","91,609","2,339","1,122","316,620","298,599","115,861","34,044","148,694","18,021"
July 1973,"11,412,992","6,896,788","6,684,699","195,887","6,193,382","295,430","212,089","144,041","67,099",949,"4,204,871","4,080,825","93,041","3,916,999","70,785","124,046","118,204","1,927","3,915","311,333","294,326","105,542","51,765","137,019","17,007"
August 1973,"11,197,504","6,824,473","6,645,422","191,181","6,155,724","298,517","179,051","108,259","70,008",784,"4,041,449","3,846,182","101,743","3,674,528","69,911","195,267","189,605","2,068","3,594","331,582","313,034","112,522","54,817","145,695","18,548"
September 1973,"6,828,938","3,681,081","3,557,333","137,269","3,352,568","67,496","123,748","75,363","47,227","1,158","2,851,992","2,710,293","92,295","2,599,580","18,418","141,699","135,902","4,445","1,352","295,865","280,938","107,685","37,175","136,078","14,927"
October 1973,"5,444,332","2,589,142","2,498,277","118,633","2,374,563","5,081","90,865","51,250","39,418",197,"2,534,035","2,437,065","104,283","2,331,684","1,098","96,970","95,210","1,336",424,"321,155","303,705","120,930","34,604","148,171","17,450"
November 1973,"4,150,982","1,865,690","1,813,082","89,544","1,722,638",900,"52,608","32,333","19,595",680,"1,984,859","1,918,409","106,346","1,811,894",169,"66,450","64,514","1,489",447,"300,433","285,779","112,455","33,521","139,803","14,654"
December 1973,"3,867,171","1,735,382","1,677,530","92,808","1,584,448",274,"57,852","47,886","9,930",36,"1,872,501","1,804,479","109,310","1,694,964",205,"68,022","67,476",505,41,"259,288","241,575","93,917","28,615","119,043","17,713"
January 1974,"3,570,617","1,428,826","1,395,593","84,203","1,311,277",113,"33,233","25,363","7,841",29,"1,869,827","1,725,477","164,490","1,560,878",109,"144,350","141,724","2,096",530,"271,964","260,204","102,262","21,622","136,320","11,760"
February 1974,"3,448,780","1,479,261","1,449,191","86,867","1,362,187",137,"30,070","23,696","6,335",39,"1,711,940","1,604,850","138,579","1,466,183",88,"107,090","104,855","1,473",762,"257,579","244,333","95,491","23,994","124,848","13,246"
March 1974,"4,388,109","1,773,884","1,728,545","108,773","1,619,129",643,"45,339","34,673","10,464",202,"2,318,087","2,128,249","219,465","1,908,625",159,"189,838","185,253","4,131",454,"296,138","276,313","111,238","28,026","137,049","19,825"
April 1974,"4,896,280","2,186,514","2,117,878","105,586","2,011,008","1,284","68,636","43,208","24,965",463,"2,429,370","2,313,249","157,238","2,155,568",443,"116,121","110,357","5,221",543,"280,396","262,133","106,118","30,079","125,936","18,263"
May 1974,"5,765,100","2,951,718","2,850,105","135,609","2,681,620","32,876","101,613","72,550","28,348",715,"2,511,664","2,420,252","119,914","2,298,206","2,132","91,412","88,376","1,051","1,985","301,718","281,059","111,317","38,181","131,561","20,659"
June 1974,"7,561,776","4,236,090","4,078,068","184,089","3,715,816","178,163","158,022","116,831","39,033","2,158","3,012,987","2,917,734","102,038","2,776,298","39,398","95,253","91,006","1,851","2,396","312,699","287,909","111,094","46,656","130,159","24,790"
July 1974,"10,648,343","6,320,431","6,096,206","196,833","5,586,079","313,294","224,225","157,592","65,675",958,"4,014,103","3,894,551","102,166","3,722,281","70,104","119,552","113,445","1,906","4,201","313,809","292,604","110,031","51,715","130,858","21,205"
August 1974,"11,250,910","6,765,296","6,562,947","220,725","6,027,657","314,565","202,349","130,495","70,460","1,394","4,170,055","3,979,830","116,663","3,786,777","76,390","190,225","182,265","2,418","5,542","315,559","292,045","113,852","47,797","130,396","23,514"
September 1974,"6,329,357","3,211,782","3,068,105","158,053","2,864,682","45,370","143,677","93,722","48,961",994,"2,828,801","2,691,169","103,560","2,569,997","17,612","137,632","134,079","1,774","1,779","288,774","268,651","105,324","41,135","122,192","20,123"
October 1974,"5,283,913","2,439,716","2,342,943","134,608","2,202,843","5,492","96,773","62,301","33,974",498,"2,536,068","2,434,902","121,267","2,311,666","1,969","101,166","99,481","1,195",490,"308,129","288,491","112,330","37,018","139,143","19,638"
November 1974,"4,232,677","1,890,138","1,837,326","94,132","1,742,338",856,"52,812","37,367","15,168",277,"2,075,560","2,000,614","118,042","1,882,359",213,"74,946","73,453","1,147",346,"266,979","250,859","96,631","32,249","121,979","16,120"
December 1974,"4,010,844","1,713,754","1,651,247","97,640","1,553,410",197,"62,507","51,685","10,605",217,"2,047,173","1,980,420","116,506","1,863,764",150,"66,753","65,872",744,137,"249,917","232,469","91,005","30,602","110,862","17,448"
January 1975,"3,820,799","1,455,230","1,416,672","87,521","1,329,082",69,"38,558","30,074","8,429",55,"2,108,649","1,949,192","199,562","1,749,574",56,"159,457","157,812","1,607",38,"256,920","243,096","99,720","24,450","118,926","13,824"
February 1975,"3,569,066","1,454,913","1,419,928","79,184","1,340,629",115,"34,985","25,943","7,487","1,555","1,870,733","1,747,797","161,218","1,586,529",50,"122,936","121,193","1,508",235,"243,420","230,690","92,464","28,352","109,874","12,730"
March 1975,"4,906,703","1,842,890","1,786,705","92,871","1,693,480",354,"56,185","40,285","15,795",105,"2,801,527","2,616,364","236,182","2,379,914",268,"185,163","182,879","2,162",122,"262,286","243,471","99,460","24,117","119,894","18,815"
April 1975,"4,562,858","1,861,161","1,798,941","105,292","1,692,520","1,129","62,220","43,540","17,840",840,"2,426,515","2,291,319","192,296","2,098,587",436,"135,196","132,742","1,592",862,"275,182","257,868","103,153","33,791","120,924","17,314"
May 1975,"6,285,155","3,127,165","3,009,207","130,937","2,837,445","40,825","117,958","80,571","36,893",494,"2,863,565","2,756,843","133,480","2,613,437","9,926","106,722","103,831","1,489","1,402","294,425","274,198","113,415","37,140","123,643","20,227"
June 1975,"7,814,106","4,343,860","4,158,628","178,572","3,788,180","191,876","185,232","142,085","41,812","1,335","3,149,721","3,049,046","106,058","2,899,208","43,780","100,675","98,230",870,"1,575","320,525","293,479","116,771","46,835","129,873","27,046"
July 1975,"10,905,745","6,286,320","6,047,046","192,227","5,577,162","277,657","239,274","164,334","73,721","1,219","4,303,468","4,175,307","108,574","3,984,892","81,841","128,161","123,294","1,930","2,937","315,957","297,337","122,653","49,844","124,840","18,620"
August 1975,"11,466,389","6,589,034","6,359,611","204,164","5,906,777","248,670","229,423","134,562","93,796","1,065","4,565,486","4,359,045","129,286","4,152,294","77,465","206,441","198,693","2,449","5,299","311,869","289,464","118,228","44,153","127,083","22,405"
September 1975,"6,143,860","2,931,139","2,791,704","144,218","2,612,869","34,617","139,435","92,933","45,819",683,"2,911,042","2,771,126","106,943","2,649,032","15,151","139,916","137,704",820,"1,392","301,679","285,731","115,539","39,796","130,396","15,948"
October 1975,"5,516,037","2,429,405","2,326,531","123,943","2,197,636","4,952","102,874","62,393","40,197",284,"2,780,833","2,673,381","129,136","2,542,183","2,062","107,452","105,808","1,234",410,"305,799","290,318","120,892","35,480","133,946","15,481"
November 1975,"4,771,037","1,912,627","1,859,235","90,853","1,767,334","1,048","53,392","37,697","15,402",293,"2,579,744","2,495,289","130,942","2,364,089",258,"84,455","82,715","1,342",398,"278,666","263,583","107,390","33,683","122,510","15,083"
December 1975,"4,101,297","1,676,053","1,608,033","100,000","1,507,833",200,"68,020","57,808","9,997",215,"2,155,719","2,078,105","124,257","1,953,638",210,"77,614","76,322","1,149",143,"269,525","254,708","103,450","31,281","119,977","14,817"
January 1976,"4,051,987","1,422,130","1,382,569","81,235","1,301,188",146,"39,561","30,052","9,460",49,"2,366,199","2,199,657","234,840","1,964,665",152,"166,542","165,938",576,28,"263,658","255,298","102,518","25,813","126,967","8,360"
February 1976,"3,912,286","1,452,947","1,417,027","79,525","1,337,302",200,"35,920","28,096","7,724",100,"2,191,187","2,066,071","210,865","1,855,056",150,"125,116","124,081",984,51,"268,152","259,076","107,800","21,557","129,719","9,076"
March 1976,"4,609,726","1,580,295","1,529,686","94,053","1,435,382",251,"50,609","39,046","11,513",50,"2,721,616","2,550,260","296,809","2,253,236",215,"171,356","167,036","4,296",24,"307,815","297,051","125,349","25,932","145,770","10,764"
April 1976,"5,451,544","2,126,663","2,049,800","104,501","1,943,270","2,029","76,863","53,092","22,700","1,071","3,018,886","2,880,115","236,920","2,642,010","1,185","138,771","136,153","2,007",611,"305,995","295,055","122,414","32,480","140,161","10,940"
May 1976,"6,446,075","2,881,071","2,749,240","125,747","2,585,225","38,268","131,831","94,443","37,028",360,"3,244,397","3,125,645","162,085","2,953,795","9,765","118,752","116,176","1,300","1,276","320,607","310,481","128,457","38,583","143,441","10,126"
June 1976,"7,443,527","3,857,986","3,648,206","138,863","3,332,607","176,736","209,780","142,526","65,644","1,610","3,240,643","3,142,485","112,435","2,991,238","38,812","98,158","95,315","1,782","1,061","344,898","333,327","136,404","52,685","144,238","11,571"
July 1976,"11,130,996","6,070,231","5,704,849","203,446","5,251,858","249,545","365,382","243,622","120,314","1,446","4,719,944","4,585,535","126,626","4,387,575","71,334","134,409","127,369","1,849","5,191","340,821","326,609","126,412","60,463","139,734","14,212"
August 1976,"10,800,538","5,690,906","5,425,925","192,793","4,992,592","240,540","264,981","148,162","115,348","1,471","4,763,077","4,566,088","154,774","4,329,784","81,530","196,989","189,079","2,983","4,927","346,555","330,530","128,171","58,776","143,583","16,025"
September 1976,"6,890,197","3,253,348","3,081,288","151,636","2,865,073","64,579","172,060","105,690","65,111","1,259","3,297,519","3,147,323","133,048","2,987,420","26,855","150,196","146,258","1,992","1,946","339,330","326,184","128,326","49,028","148,830","13,146"
October 1976,"5,784,731","2,285,357","2,178,389","119,733","2,053,448","5,208","106,968","66,566","40,196",206,"3,177,852","3,055,947","158,713","2,894,684","2,550","121,905","120,386","1,158",361,"321,522","310,925","125,607","40,837","144,481","10,597"
November 1976,"4,430,597","1,648,157","1,594,655","94,478","1,499,445",732,"53,502","37,971","15,455",76,"2,471,420","2,387,826","149,427","2,238,046",353,"83,594","82,017","1,387",190,"311,020","302,909","124,133","35,181","143,595","8,111"
December 1976,"4,134,411","1,539,141","1,469,268","98,094","1,370,365",809,"69,873","59,713","9,437",723,"2,304,395","2,227,923","151,959","2,075,667",297,"76,472","75,158","1,187",127,"290,875","282,034","115,094","33,592","133,348","8,841"
January 1977,"3,993,487","1,226,023","1,186,347","82,922","1,103,312",113,"39,676","32,170","7,483",23,"2,494,026","2,300,102","279,886","2,020,049",167,"193,924","192,322","1,561",41,"273,438","266,001","111,285","25,845","128,871","7,437"
February 1977,"3,907,503","1,307,006","1,272,845","85,399","1,187,227",219,"34,161","28,068","5,692",401,"2,318,531","2,177,049","241,557","1,935,277",215,"141,482","140,135","1,228",119,"281,966","274,888","118,159","22,229","134,500","7,078"
March 1977,"5,101,176","1,643,109","1,591,628","98,664","1,492,656",308,"51,481","40,998","10,320",163,"3,134,641","2,943,090","343,234","2,599,701",155,"191,551","187,418","3,986",147,"323,426","314,647","133,650","26,201","154,796","8,779"
April 1977,"5,742,874","2,092,445","2,017,198","118,813","1,896,967","1,418","75,247","54,042","20,575",630,"3,344,766","3,196,653","297,497","2,897,881","1,275","148,113","145,545","1,930",638,"305,663","296,954","126,809","30,792","139,353","8,709"
May 1977,"6,738,739","2,909,356","2,783,202","142,063","2,609,648","31,491","126,154","90,179","35,410",565,"3,483,988","3,359,951","174,511","3,172,935","12,505","124,037","121,166","1,458","1,413","345,395","336,394","138,755","46,070","151,569","9,001"
June 1977,"7,554,558","3,760,218","3,557,585","178,613","3,210,024","168,948","202,633","149,851","51,804",978,"3,431,020","3,308,230","131,923","3,128,958","47,349","122,790","120,310","1,155","1,325","363,320","352,000","141,611","53,230","157,159","11,320"
July 1977,"11,517,713","6,022,633","5,753,611","199,512","5,299,658","254,441","269,022","177,440","90,328","1,254","5,168,014","5,014,803","158,824","4,749,467","106,512","153,211","145,143","2,862","5,206","327,066","313,374","116,418","60,956","136,000","13,692"
August 1977,"10,808,040","5,513,363","5,277,332","183,648","4,859,479","234,205","236,031","140,542","94,084","1,405","4,958,959","4,724,471","164,970","4,470,586","88,915","234,488","224,686","5,681","4,121","335,718","322,260","123,032","56,466","142,762","13,458"
September 1977,"7,036,610","3,234,261","3,072,118","158,904","2,847,368","65,846","162,143","104,774","56,400",969,"3,473,043","3,301,638","141,931","3,129,561","30,146","171,405","167,312","2,057","2,036","329,306","319,357","122,181","51,648","145,528","9,949"
October 1977,"5,792,558","2,280,276","2,175,233","137,681","2,033,011","4,541","105,043","64,703","40,209",131,"3,182,340","3,051,632","175,294","2,874,062","2,276","130,708","129,238","1,317",153,"329,942","321,964","127,631","48,085","146,248","7,978"
November 1977,"4,394,229","1,676,398","1,621,884","99,938","1,521,191",755,"54,514","38,337","16,101",76,"2,405,093","2,321,813","171,102","2,150,327",384,"83,280","82,361",744,175,"312,738","306,039","123,897","39,257","142,885","6,699"
December 1977,"4,090,905","1,533,407","1,464,828","106,588","1,357,874",366,"68,579","59,400","9,069",110,"2,279,661","2,197,815","176,076","2,021,483",256,"81,846","81,061",747,38,"277,837","271,410","106,238","34,969","130,203","6,427"
January 1978,"3,824,360","1,138,895","1,098,657","85,865","1,012,683",109,"40,238","33,396","6,824",18,"2,415,005","2,225,236","297,163","1,927,854",219,"189,769","188,885",868,16,"270,460","263,288","107,931","27,309","128,048","7,172"
February 1978,"4,018,718","1,347,061","1,310,825","86,093","1,224,417",315,"36,236","29,773","6,004",459,"2,384,810","2,236,842","257,351","1,979,392",99,"147,968","146,494","1,208",266,"286,847","282,123","117,143","25,662","139,318","4,724"
March 1978,"5,403,955","1,750,784","1,692,165","108,096","1,583,425",644,"58,619","43,795","14,682",142,"3,322,278","3,115,585","381,494","2,733,356",735,"206,693","205,159","1,395",139,"330,893","324,163","133,022","31,594","159,547","6,730"
April 1978,"5,343,006","1,897,529","1,819,439","110,127","1,708,163","1,149","78,090","56,569","21,356",165,"3,128,243","2,959,710","322,292","2,636,887",531,"168,533","166,274","1,827",432,"317,234","310,297","121,789","33,660","154,848","6,937"
May 1978,"6,390,559","2,795,516","2,649,808","144,326","2,469,381","36,101","145,708","98,076","47,028",604,"3,254,615","3,132,973","196,783","2,925,773","10,417","121,642","118,976","1,312","1,354","340,428","333,573","128,960","45,749","158,864","6,855"
June 1978,"7,736,866","3,941,941","3,710,697","187,373","3,332,731","190,593","231,244","166,884","63,378",982,"3,433,552","3,312,052","142,873","3,121,096","48,083","121,500","118,449","1,344","1,707","361,373","352,334","130,223","55,999","166,112","9,039"
July 1978,"11,684,137","5,988,980","5,661,032","206,647","5,174,225","280,160","327,948","206,417","120,310","1,221","5,353,512","5,199,406","167,874","4,938,978","92,554","154,106","146,034","2,483","5,589","341,645","329,855","116,764","64,326","148,765","11,790"
August 1978,"10,812,117","5,580,176","5,283,259","213,147","4,812,258","257,854","296,917","161,550","134,155","1,212","4,870,945","4,640,568","184,446","4,376,367","79,755","230,377","223,587","2,528","4,262","360,996","350,303","127,345","63,274","159,684","10,693"
September 1978,"6,843,136","3,206,556","3,011,373","164,302","2,775,592","71,479","195,183","118,172","76,051",960,"3,279,125","3,106,906","159,206","2,908,097","39,603","172,219","168,184","2,532","1,503","357,455","339,212","126,965","58,615","153,632","18,243"
October 1978,"5,572,632","2,271,452","2,151,300","144,027","2,001,988","5,285","120,152","70,896","49,002",254,"2,942,491","2,822,615","190,094","2,628,324","4,197","119,876","117,850","1,817",209,"358,689","352,041","137,554","49,327","165,160","6,648"
November 1978,"4,450,471","1,722,945","1,658,296","104,153","1,552,977","1,166","64,649","44,704","19,881",64,"2,393,664","2,312,398","194,175","2,117,820",403,"81,266","80,057","1,140",69,"333,862","328,593","128,552","39,172","160,869","5,269"
December 1978,"4,259,852","1,628,987","1,550,308","112,082","1,437,778",448,"78,679","66,340","12,208",131,"2,323,560","2,229,232","191,983","2,037,061",188,"94,328","93,368",828,132,"307,305","300,655","116,432","33,219","151,004","6,650"
January 1979,"3,871,662","1,221,913","1,179,102","88,470","1,090,500",132,"42,811","34,138","8,636",37,"2,336,642","2,145,316","312,526","1,832,669",121,"191,326","190,232","1,058",36,"313,107","307,984","124,719","26,463","156,802","5,123"
February 1979,"3,723,535","1,308,706","1,267,395","91,438","1,175,842",115,"41,311","33,417","7,595",299,"2,117,769","1,974,176","270,976","1,703,159",41,"143,593","142,252","1,178",163,"297,060","292,348","120,229","22,465","149,654","4,712"
March 1979,"5,101,003","1,715,559","1,654,149","108,063","1,545,650",436,"61,410","44,706","16,555",149,"3,028,630","2,826,369","422,024","2,404,060",285,"202,261","200,051","2,035",175,"356,814","350,004","142,686","28,112","179,206","6,810"
April 1979,"5,417,202","1,968,498","1,861,576","130,697","1,728,850","2,029","106,922","68,843","36,235","1,844","3,135,317","2,983,049","374,573","2,607,338","1,138","152,268","150,501","1,274",493,"313,387","305,371","122,230","33,008","150,133","8,016"
May 1979,"6,075,205","2,663,695","2,481,522","154,308","2,292,367","34,847","182,173","119,128","62,423",622,"3,043,839","2,926,735","236,819","2,676,888","13,028","117,104","115,026","1,297",781,"367,671","359,380","141,482","41,538","176,360","8,291"
June 1979,"7,411,516","3,955,764","3,672,541","212,154","3,296,838","163,549","283,223","193,412","88,478","1,333","3,088,738","2,973,052","160,189","2,768,678","44,185","115,686","113,820",810,"1,056","367,014","355,567","135,988","49,391","170,188","11,447"
July 1979,"10,072,007","5,444,248","5,045,273","232,439","4,551,769","261,065","398,975","251,934","145,417","1,624","4,272,493","4,123,551","186,286","3,837,740","99,525","148,942","143,347","1,809","3,786","355,266","341,986","126,614","59,443","155,929","13,280"
August 1979,"10,119,680","5,480,617","5,119,483","249,178","4,621,702","248,603","361,134","201,611","158,077","1,446","4,269,439","4,041,674","205,388","3,751,600","84,686","227,765","222,568","2,301","2,896","369,624","354,421","128,552","60,930","164,939","15,203"
September 1979,"6,850,272","3,315,989","3,078,421","178,103","2,839,012","61,306","237,568","141,431","95,160",977,"3,190,492","3,020,068","184,518","2,802,106","33,444","170,424","167,993","1,698",733,"343,791","329,488","124,483","50,699","154,306","14,303"
October 1979,"5,633,728","2,379,681","2,241,980","153,503","2,082,300","6,177","137,701","80,795","56,448",458,"2,885,499","2,770,744","211,509","2,553,685","5,550","114,755","113,361","1,155",239,"368,548","351,559","137,466","43,620","170,473","16,989"
November 1979,"4,604,771","1,900,355","1,829,153","117,368","1,710,519","1,266","71,202","48,819","22,317",66,"2,376,020","2,294,208","224,941","2,068,857",410,"81,812","81,147",620,45,"328,396","317,637","121,098","37,510","159,029","10,759"
December 1979,"4,539,743","1,847,197","1,760,995","119,800","1,640,722",473,"86,202","71,586","14,485",131,"2,393,924","2,302,781","215,677","2,086,698",406,"91,143","89,861","1,233",49,"298,622","287,650","111,161","32,691","143,798","10,972"
January 1980,"4,341,499","1,617,599","1,568,351","98,840","1,469,309",202,"49,248","38,892","10,253",103,"2,407,751","2,224,176","330,439","1,893,629",108,"183,575","182,761",780,34,"316,149","304,406","122,509","27,303","154,594","11,743"
February 1980,"4,445,692","1,858,843","1,800,859","106,036","1,694,681",142,"57,984","44,313","13,571",100,"2,285,534","2,138,552","310,887","1,827,605",60,"146,982","146,100",752,130,"301,315","290,406","115,238","24,511","150,657","10,909"
March 1980,"5,486,038","2,172,810","2,099,126","113,550","1,985,006",570,"73,684","54,444","19,053",187,"2,988,287","2,801,803","456,628","2,345,019",156,"186,484","184,425","2,032",27,"324,941","312,711","124,491","26,137","162,083","12,230"
April 1980,"5,948,124","2,643,016","2,535,967","123,783","2,409,675","2,509","107,049","65,656","41,168",225,"2,982,657","2,851,608","381,630","2,468,828","1,150","131,049","129,608","1,220",221,"322,451","303,703","117,661","32,911","153,131","18,748"
May 1980,"7,105,328","3,721,001","3,515,177","158,745","3,314,683","41,749","205,824","132,002","73,202",620,"3,051,744","2,940,221","257,105","2,668,823","14,293","111,523","109,958",798,767,"332,583","311,278","118,375","39,522","153,381","21,305"
June 1980,"8,104,850","4,589,514","4,291,378","206,722","3,974,900","109,756","298,136","199,136","97,907","1,093","3,170,886","3,067,931","177,624","2,850,007","40,300","102,955","101,185",821,949,"344,450","320,251","120,457","49,336","150,458","24,199"
July 1980,"10,894,217","6,244,420","5,830,917","244,912","5,397,153","188,852","413,503","257,876","153,685","1,942","4,308,418","4,175,862","182,481","3,909,852","83,529","132,556","125,037","1,771","5,748","341,379","319,435","114,471","58,509","146,455","21,944"
August 1980,"11,687,759","6,555,342","6,157,903","243,016","5,699,591","215,296","397,439","215,830","179,498","2,111","4,782,300","4,591,300","214,977","4,289,205","87,118","191,000","185,457","1,242","4,301","350,117","326,416","114,107","61,211","151,098","23,701"
September 1980,"7,034,766","3,682,289","3,437,907","175,773","3,212,156","49,978","244,382","144,193","99,052","1,137","3,005,929","2,871,193","175,435","2,668,313","27,445","134,736","132,804","1,036",896,"346,548","325,803","117,983","53,407","154,413","20,745"
October 1980,"6,108,924","2,975,004","2,835,190","148,170","2,680,911","6,109","139,814","81,315","58,138",361,"2,783,723","2,679,612","228,276","2,447,159","4,177","104,111","102,962",954,195,"350,197","331,659","128,244","36,635","166,780","18,538"
November 1980,"5,138,379","2,373,851","2,294,940","109,979","2,183,932","1,029","78,911","52,243","26,555",113,"2,449,575","2,366,270","254,396","2,111,498",376,"83,305","82,891",379,35,"314,953","299,829","113,831","33,512","152,486","15,124"
December 1980,"4,637,676","2,230,318","2,133,279","125,837","2,006,991",451,"97,039","77,472","19,508",59,"2,111,694","2,034,871","216,070","1,818,663",138,"76,823","76,330",454,39,"295,664","282,900","107,163","28,934","146,803","12,764"
January 1981,"4,724,570","2,076,319","2,019,704","103,255","1,916,278",171,"56,615","41,737","14,838",40,"2,345,429","2,171,740","346,781","1,824,745",214,"173,689","172,743",895,51,"302,822","288,904","113,761","24,065","151,078","13,918"
February 1981,"4,814,644","2,369,408","2,316,317","109,833","2,206,331",153,"53,091","40,945","12,079",67,"2,159,520","2,038,650","297,556","1,740,959",135,"120,870","120,052",748,70,"285,716","271,527","108,544","20,654","142,329","14,189"
March 1981,"6,227,602","2,989,666","2,917,830","128,618","2,788,390",822,"71,836","53,669","18,007",160,"2,890,880","2,731,570","450,395","2,280,817",358,"159,310","158,011","1,124",175,"347,056","329,760","133,353","25,110","171,297","17,296"
April 1981,"6,434,144","3,154,205","3,034,305","143,029","2,888,870","2,406","119,900","77,148","42,517",235,"2,934,136","2,806,918","380,500","2,424,398","2,020","127,218","126,089",917,212,"345,803","331,252","129,090","31,190","170,972","14,551"
May 1981,"7,520,351","4,038,242","3,828,030","160,139","3,627,617","40,274","210,212","139,217","70,443",552,"3,128,927","3,013,337","277,623","2,722,323","13,391","115,590","113,869",631,"1,090","353,182","334,501","128,750","36,981","168,770","18,681"
June 1981,"7,871,256","4,571,875","4,274,701","207,269","3,951,898","115,534","297,174","196,091","100,100",983,"2,906,240","2,815,808","181,771","2,594,605","39,432","90,432","89,198",535,699,"393,141","371,744","139,435","58,767","173,542","21,397"
July 1981,"10,909,573","6,201,347","5,784,358","238,886","5,298,439","247,033","416,989","263,914","151,229","1,846","4,335,545","4,216,986","199,525","3,925,695","91,766","118,559","113,451","1,143","3,965","372,681","347,454","123,805","64,143","159,506","25,227"
August 1981,"10,809,791","6,209,644","5,838,618","208,928","5,345,841","283,849","371,026","211,267","157,752","2,007","4,233,283","4,061,163","195,172","3,776,475","89,516","172,120","167,655","1,720","2,745","366,864","341,381","119,935","62,528","158,918","25,483"
September 1981,"6,822,847","3,580,721","3,347,333","176,104","3,109,868","61,361","233,388","148,241","83,865","1,282","2,882,834","2,747,844","169,391","2,549,806","28,647","134,990","132,206","1,758","1,026","359,292","329,577","117,278","51,947","160,352","29,715"
October 1981,"5,726,822","2,708,071","2,568,317","146,830","2,415,864","5,623","139,754","86,414","52,562",778,"2,678,914","2,573,934","221,419","2,349,307","3,208","104,980","103,878",858,244,"339,837","321,619","118,495","39,421","163,703","18,218"
November 1981,"4,766,060","2,107,412","2,028,349","112,091","1,914,754","1,504","79,063","54,813","24,209",41,"2,338,882","2,252,464","244,581","2,007,307",576,"86,418","85,691",673,54,"319,766","302,889","111,600","34,517","156,772","16,877"
December 1981,"4,459,984","1,946,538","1,850,854","128,249","1,722,188",417,"95,684","77,164","18,483",37,"2,227,012","2,153,583","222,955","1,930,375",253,"73,429","72,971",410,48,"286,434","273,181","102,506","26,415","144,260","13,253"
January 1982,"3,917,435","1,474,383","1,416,655","98,596","1,317,920",139,"57,728","43,800","13,879",49,"2,167,060","1,991,800","326,848","1,664,688",264,"175,260","174,726",512,22,"275,992","263,124","103,426","23,779","135,919","12,868"
February 1982,"3,940,669","1,531,236","1,483,958","100,910","1,382,899",149,"47,278","37,075","10,108",95,"2,122,528","1,999,984","299,763","1,700,067",154,"122,544","122,186",314,44,"286,905","272,357","109,375","19,504","143,478","14,548"
March 1982,"4,847,348","1,737,722","1,668,205","115,869","1,551,665",671,"69,517","53,018","16,389",110,"2,782,050","2,626,300","466,843","2,158,960",497,"155,750","155,265",335,150,"327,576","311,118","121,611","23,729","165,778","16,458"
April 1982,"5,364,485","2,068,279","1,958,655","130,038","1,826,397","2,220","109,624","77,517","31,870",237,"2,980,018","2,846,560","388,913","2,455,707","1,940","133,458","132,895",174,389,"316,188","299,255","111,809","28,738","158,708","16,933"
May 1982,"6,503,951","3,034,382","2,839,282","149,293","2,638,580","51,409","195,100","133,845","60,559",696,"3,135,616","3,021,878","250,165","2,756,975","14,738","113,738","112,286",239,"1,213","333,953","314,749","118,739","37,929","158,081","19,204"
June 1982,"7,017,207","3,792,995","3,524,876","191,101","3,190,853","142,922","268,119","184,571","82,727",821,"2,857,175","2,764,427","153,615","2,568,491","42,321","92,748","91,305",298,"1,145","367,037","342,940","125,778","51,154","166,008","24,097"
July 1982,"10,231,977","5,844,355","5,468,152","218,828","4,988,262","261,062","376,203","237,776","137,040","1,387","4,037,617","3,920,107","160,359","3,665,648","94,100","117,510","112,699",320,"4,491","350,005","324,654","111,230","56,623","156,801","25,351"
August 1982,"10,081,428","5,541,171","5,187,676","206,977","4,684,009","296,690","353,495","193,784","158,184","1,527","4,174,853","4,000,458","180,998","3,732,088","87,372","174,395","171,021",363,"3,011","365,404","335,654","116,810","57,786","161,058","29,750"
September 1982,"6,593,794","3,275,825","3,052,791","163,139","2,810,182","79,470","223,034","139,443","82,781",810,"2,956,614","2,819,468","147,898","2,642,409","29,161","137,146","135,578",264,"1,304","361,355","321,015","114,646","45,526","160,843","40,340"
October 1982,"5,682,329","2,499,791","2,373,461","142,551","2,222,335","8,575","126,330","79,851","46,201",278,"2,845,446","2,736,887","192,100","2,539,886","4,901","108,559","108,263",178,118,"337,092","310,919","114,448","33,818","162,653","26,173"
November 1982,"4,467,017","1,801,493","1,737,072","108,604","1,627,460","1,008","64,421","46,984","17,278",159,"2,353,873","2,274,022","192,947","2,080,607",468,"79,851","79,693",116,42,"311,651","297,627","109,430","29,320","158,877","14,024"
December 1982,"4,487,441","1,804,869","1,721,057","108,633","1,611,733",691,"83,812","70,591","13,173",48,"2,398,395","2,320,248","181,377","2,138,574",297,"78,147","77,884",170,93,"284,177","270,473","101,937","23,408","145,128","13,704"
January 1983,"4,328,498","1,498,288","1,447,914","87,266","1,360,426",222,"50,374","39,508","10,850",16,"2,540,904","2,364,945","285,986","2,078,601",358,"175,959","175,547",408,4,"289,306","278,710","107,620","19,329","151,761","10,596"
February 1983,"4,211,246","1,535,919","1,486,155","86,541","1,399,428",186,"49,764","39,676","9,910",178,"2,390,777","2,262,526","260,892","2,001,377",257,"128,251","128,013",177,61,"284,550","270,489","105,935","19,335","145,219","14,061"
March 1983,"5,317,304","1,839,687","1,767,936","112,508","1,654,806",622,"71,751","54,625","17,000",126,"3,136,376","2,967,158","375,475","2,591,017",666,"169,218","168,644",456,118,"341,241","325,062","127,344","20,432","177,286","16,179"
April 1983,"6,022,756","2,159,471","2,062,986","123,632","1,937,289","2,065","96,485","71,991","24,301",193,"3,538,296","3,376,509","347,954","3,026,283","2,272","161,787","161,090",471,226,"324,989","309,649","117,579","24,573","167,497","15,340"
May 1983,"6,721,086","2,868,121","2,710,122","148,171","2,538,774","23,177","157,999","109,859","47,718",422,"3,501,327","3,368,403","234,327","3,122,014","12,062","132,924","132,183",191,550,"351,638","334,909","128,448","35,047","171,414","16,729"
June 1983,"7,622,285","3,847,168","3,598,123","200,392","3,239,469","158,262","249,045","175,886","72,303",856,"3,390,693","3,273,475","161,004","3,063,637","48,834","117,218","116,103",226,889,"384,424","359,729","136,646","48,593","174,490","24,695"
July 1983,"11,225,093","5,758,986","5,433,229","217,522","4,959,636","256,071","325,757","211,114","113,311","1,332","5,104,806","4,956,942","168,892","4,690,800","97,250","147,864","143,287",364,"4,213","361,301","338,793","120,272","56,114","162,407","22,508"
August 1983,"10,726,601","5,435,603","5,137,216","218,683","4,621,876","296,657","298,387","175,423","121,463","1,501","4,891,800","4,696,167","190,444","4,419,937","85,786","195,633","191,960",723,"2,950","399,198","370,343","130,837","58,922","180,584","28,855"
September 1983,"7,261,742","3,409,150","3,213,288","174,145","2,946,337","92,806","195,862","124,772","70,290",800,"3,469,440","3,301,391","160,977","3,105,898","34,516","168,049","166,574",338,"1,137","383,152","361,879","131,977","48,632","181,270","21,273"
October 1983,"6,142,601","2,432,948","2,315,835","142,878","2,163,444","9,513","117,113","76,118","40,815",180,"3,336,633","3,194,645","199,925","2,989,281","5,439","141,988","141,453",196,339,"373,020","352,023","132,261","33,823","185,939","20,997"
November 1983,"4,909,865","1,790,155","1,719,626","110,947","1,607,615","1,064","70,529","52,007","18,475",47,"2,773,976","2,675,050","231,987","2,442,472",591,"98,926","98,710",165,51,"345,734","333,479","121,994","29,648","181,837","12,255"
December 1983,"4,650,057","1,680,012","1,587,339","114,352","1,472,582",405,"92,673","78,634","14,026",13,"2,655,869","2,541,328","232,842","2,308,297",189,"114,541","114,363",124,54,"314,176","302,606","113,410","25,361","163,835","11,570"
January 1984,"4,482,089","1,429,713","1,372,876","92,007","1,280,806",63,"56,837","44,097","12,716",24,"2,724,047","2,518,837","301,751","2,216,771",315,"205,210","205,019",183,8,"328,329","317,268","124,177","20,249","172,842","11,061"
February 1984,"4,518,334","1,576,265","1,521,296","102,379","1,418,677",240,"54,969","43,205","11,749",15,"2,612,685","2,445,748","283,148","2,162,375",225,"166,937","166,552",360,25,"329,384","316,733","121,301","18,734","176,698","12,651"
March 1984,"5,450,164","1,759,401","1,690,319","115,394","1,574,428",497,"69,082","53,853","15,024",205,"3,319,546","3,092,536","436,832","2,654,813",891,"227,010","225,910",888,212,"371,217","354,184","137,065","20,483","196,636","17,033"
April 1984,"5,927,272","2,143,847","2,031,955","133,130","1,896,680","2,145","111,892","78,329","33,471",92,"3,429,107","3,269,943","353,862","2,913,885","2,196","159,164","158,351",298,515,"354,318","337,035","127,872","22,767","186,396","17,283"
May 1984,"6,478,236","2,862,749","2,697,287","166,628","2,491,008","39,651","165,462","115,542","48,456","1,464","3,218,542","3,076,684","250,350","2,812,929","13,405","141,858","140,455",305,"1,098","396,945","379,310","139,636","35,973","203,701","17,635"
June 1984,"7,697,703","4,055,692","3,799,813","224,141","3,361,503","214,169","255,879","178,139","76,289","1,451","3,222,120","3,078,086","166,704","2,873,984","37,398","144,034","142,661",420,953,"419,891","390,057","140,496","51,526","198,035","29,834"
July 1984,"10,441,778","5,664,781","5,326,410","231,619","4,764,319","330,472","338,371","218,077","117,361","2,933","4,367,567","4,202,626","176,296","3,933,151","93,179","164,941","160,720",646,"3,575","409,430","383,207","133,632","61,432","188,143","26,223"
August 1984,"10,393,858","5,640,899","5,311,327","249,226","4,716,352","345,749","329,572","191,030","134,848","3,694","4,319,458","4,081,375","190,970","3,805,747","84,658","238,083","234,034","1,143","2,906","433,501","407,968","140,477","61,635","205,856","25,533"
September 1984,"7,055,819","3,359,186","3,154,145","179,495","2,888,719","85,931","205,041","130,173","72,560","2,308","3,309,717","3,117,905","168,917","2,920,364","28,624","191,812","190,324",554,934,"386,916","368,094","128,839","48,372","190,883","18,822"
October 1984,"5,849,012","2,470,318","2,348,463","164,589","2,173,200","10,674","121,855","80,492","40,818",545,"2,974,343","2,832,513","217,261","2,610,822","4,430","141,830","141,421",212,197,"404,351","389,067","144,264","34,853","209,950","15,284"
November 1984,"5,023,229","1,992,384","1,910,333","125,695","1,783,504","1,134","82,051","59,470","22,282",299,"2,653,312","2,544,408","243,231","2,300,685",492,"108,904","108,675",136,93,"377,533","362,890","131,672","30,439","200,779","14,643"
December 1984,"4,883,144","1,909,746","1,813,535","125,980","1,687,166",389,"96,211","78,351","17,845",15,"2,644,141","2,522,261","228,140","2,293,782",339,"121,880","121,492",305,83,"329,257","317,351","117,912","26,062","173,377","11,906"
January 1985,"4,518,929","1,433,526","1,376,805","104,081","1,272,522",202,"56,721","44,079","12,519",123,"2,718,621","2,485,940","315,555","2,170,160",225,"232,681","232,303",332,46,"366,782","353,069","135,992","21,187","195,890","13,713"
February 1985,"4,335,505","1,481,016","1,426,503","101,651","1,324,745",107,"54,513","43,906","10,437",170,"2,511,274","2,323,945","291,892","2,031,817",236,"187,329","186,979",303,47,"343,215","331,070","126,229","18,363","186,478","12,145"
March 1985,"5,714,343","1,998,905","1,921,594","121,392","1,799,689",513,"77,311","59,965","17,312",34,"3,323,008","3,044,219","425,831","2,617,880",508,"278,789","278,283",293,213,"392,430","378,044","142,957","22,062","213,025","14,386"
April 1985,"5,821,322","2,226,571","2,121,728","142,218","1,976,901","2,609","104,843","71,783","32,946",114,"3,193,695","3,003,435","338,615","2,663,008","1,812","190,260","189,372",331,557,"401,056","385,390","146,881","25,028","213,481","15,666"
May 1985,"6,818,289","3,106,593","2,930,230","172,869","2,698,070","59,291","176,363","118,881","56,838",644,"3,276,712","3,106,342","230,350","2,860,389","15,603","170,370","168,852",371,"1,147","434,984","416,919","157,738","35,463","223,718","18,065"
June 1985,"8,130,776","4,203,822","3,962,393","228,127","3,526,366","207,900","241,429","169,724","69,771","1,934","3,495,297","3,327,779","168,536","3,103,668","55,575","167,518","165,890",395,"1,233","431,657","408,659","142,441","57,625","208,593","22,998"
July 1985,"10,888,579","5,787,768","5,481,117","247,625","4,916,899","316,593","306,651","204,268","99,238","3,145","4,682,181","4,495,466","172,628","4,194,350","128,488","186,715","183,361",152,"3,202","418,630","399,234","139,060","58,332","201,842","19,396"
August 1985,"11,118,602","5,910,665","5,604,566","264,502","5,004,886","335,178","306,099","181,727","119,499","4,873","4,767,704","4,493,499","201,296","4,187,891","104,312","274,205","271,027",544,"2,634","440,233","418,566","144,218","63,525","210,823","21,667"
September 1985,"7,196,054","3,333,010","3,141,885","199,822","2,853,129","88,934","191,125","125,373","64,173","1,579","3,444,411","3,239,582","170,981","3,031,304","37,297","204,829","203,738",237,854,"418,633","399,748","142,148","53,979","203,621","18,885"
October 1985,"6,085,380","2,581,920","2,461,343","186,458","2,266,609","8,276","120,577","82,130","38,180",267,"3,078,317","2,920,034","221,068","2,695,626","3,340","158,283","157,945",177,161,"425,143","409,543","153,628","33,806","222,109","15,600"
November 1985,"5,071,041","2,000,359","1,921,483","135,870","1,784,577","1,036","78,876","59,625","19,204",47,"2,684,790","2,560,110","247,549","2,312,290",271,"124,680","124,431",160,89,"385,892","371,630","139,162","27,619","204,849","14,262"
December 1985,"4,770,169","1,861,262","1,767,732","142,573","1,624,787",372,"93,530","79,589","13,923",18,"2,553,261","2,428,312","235,111","2,192,998",203,"124,949","124,815",96,38,"355,646","345,030","125,184","28,226","191,620","10,616"
January 1986,"4,861,759","1,681,562","1,621,100","115,329","1,505,689",82,"60,462","48,539","11,770",153,"2,794,629","2,540,727","339,029","2,201,536",162,"253,902","253,745",123,34,"385,568","374,551","140,402","21,470","212,679","11,017"
February 1986,"4,454,457","1,654,291","1,596,575","116,977","1,479,463",135,"57,716","47,490","10,074",152,"2,431,018","2,228,153","293,943","1,934,029",181,"202,865","202,563",296,6,"369,148","358,196","134,997","20,854","202,345","10,952"
March 1986,"6,263,354","2,213,195","2,125,616","140,979","1,984,146",491,"87,579","66,074","21,329",176,"3,637,126","3,351,913","420,555","2,930,498",860,"285,213","284,474",537,202,"413,033","396,587","145,833","23,041","227,713","16,446"
April 1986,"5,963,499","2,284,816","2,175,045","161,643","2,009,862","3,540","109,771","80,432","29,156",183,"3,253,588","3,058,003","345,671","2,710,840","1,492","195,585","195,033",133,419,"425,095","410,366","150,630","26,341","233,395","14,729"
May 1986,"7,424,441","3,571,555","3,361,935","209,198","3,079,826","72,911","209,620","142,580","65,121","1,919","3,399,007","3,237,944","235,151","2,986,866","15,927","161,063","159,612",70,"1,381","453,879","435,578","156,688","41,059","237,831","18,301"
June 1986,"8,693,142","4,636,495","4,340,372","271,607","3,852,734","216,031","296,123","202,009","91,575","2,539","3,580,830","3,435,528","172,833","3,213,155","49,540","145,302","144,155",249,898,"475,817","452,062","159,713","57,303","235,046","23,755"
July 1986,"11,449,869","6,501,464","6,095,615","314,717","5,463,850","317,048","405,849","253,606","148,173","4,070","4,476,679","4,309,799","178,810","4,035,050","95,939","166,880","163,445",460,"2,975","471,726","445,601","148,699","67,758","229,144","26,125"
August 1986,"12,097,137","6,713,247","6,304,426","337,881","5,625,721","340,824","408,821","228,983","175,709","4,129","4,922,655","4,663,791","208,679","4,332,428","122,684","258,864","256,017",412,"2,435","461,235","439,833","146,251","67,398","226,184","21,402"
September 1986,"7,606,965","3,874,261","3,617,123","264,597","3,257,349","95,177","257,138","160,058","94,904","2,176","3,265,973","3,088,274","181,246","2,874,822","32,206","177,699","176,794",172,733,"466,731","445,439","152,062","61,528","231,849","21,292"
October 1986,"6,533,600","2,934,471","2,776,369","189,999","2,572,102","14,268","158,102","97,830","59,954",318,"3,140,542","2,988,327","227,649","2,757,493","3,185","152,215","151,791",163,261,"458,587","438,766","154,494","37,844","246,428","19,821"
November 1986,"5,371,628","2,182,073","2,088,990","134,166","1,953,505","1,319","93,083","62,875","29,834",374,"2,788,590","2,639,336","257,571","2,381,419",346,"149,254","148,953",218,83,"400,965","384,781","136,071","32,320","216,390","16,184"
December 1986,"5,311,147","2,211,911","2,096,348","146,591","1,949,236",521,"115,563","90,014","25,073",476,"2,712,960","2,577,111","232,226","2,344,676",209,"135,849","135,559",199,91,"386,276","370,607","130,660","27,062","212,885","15,669"
January 1987,"5,132,600","1,795,404","1,720,678","121,247","1,599,222",209,"74,726","55,795","18,820",111,"2,946,674","2,647,214","328,807","2,318,252",155,"299,460","299,323",84,53,"390,522","376,693","133,612","24,614","218,467","13,829"
February 1987,"5,104,082","1,824,997","1,754,616","126,955","1,627,447",214,"70,381","53,898","16,389",94,"2,886,219","2,645,860","317,000","2,328,655",205,"240,359","240,255",97,7,"392,866","376,757","137,181","21,020","218,556","16,109"
March 1987,"6,488,323","2,145,797","2,047,451","142,921","1,903,954",576,"98,346","69,259","28,897",190,"3,902,773","3,588,907","473,397","3,115,241",269,"313,866","313,492",258,116,"439,753","421,573","153,385","24,259","243,929","18,180"
April 1987,"6,850,939","2,491,812","2,349,191","162,632","2,183,547","3,012","142,621","93,983","48,342",296,"3,923,192","3,711,374","357,505","3,351,882","1,987","211,818","211,487",160,171,"435,935","414,148","149,353","29,243","235,552","21,787"
May 1987,"8,089,272","3,552,979","3,305,599","217,231","3,005,370","82,998","247,380","157,468","88,700","1,212","4,081,266","3,876,291","272,760","3,584,737","18,794","204,975","203,075",279,"1,621","455,027","432,129","154,137","42,708","235,284","22,898"
June 1987,"8,799,103","4,310,144","3,973,727","272,648","3,494,239","206,840","336,417","211,641","120,999","3,777","3,995,019","3,824,397","187,243","3,598,591","38,563","170,622","168,322",210,"2,090","493,940","465,228","160,918","60,317","243,993","28,712"
July 1987,"11,983,933","6,156,736","5,691,423","302,122","5,080,471","308,830","465,313","279,535","180,153","5,625","5,349,884","5,147,932","193,937","4,830,645","123,350","201,952","198,647",296,"3,009","477,313","451,174","147,454","68,201","235,519","26,139"
August 1987,"12,296,163","6,149,930","5,676,756","303,597","5,022,391","350,768","473,174","251,863","215,292","6,019","5,661,781","5,373,790","229,774","5,025,912","118,104","287,991","285,134",403,"2,454","484,452","456,526","149,981","68,765","237,780","27,926"
September 1987,"8,345,525","3,835,779","3,529,412","243,280","3,172,980","113,152","306,367","179,348","124,550","2,469","4,022,023","3,805,524","202,220","3,548,908","54,396","216,499","214,818",424,"1,257","487,723","461,937","155,844","61,330","244,763","25,786"
October 1987,"7,224,713","2,863,164","2,673,740","201,129","2,457,082","15,529","189,424","112,338","76,407",679,"3,886,749","3,696,296","253,721","3,438,349","4,226","190,453","190,002",218,233,"474,800","448,906","160,613","43,408","244,885","25,894"
November 1987,"6,046,645","2,227,605","2,115,801","142,537","1,971,788","1,476","111,804","73,142","38,566",96,"3,392,045","3,230,858","272,140","2,958,329",389,"161,187","161,044",132,11,"426,995","406,199","146,220","33,518","226,461","20,796"
December 1987,"5,939,571","2,240,903","2,114,220","146,935","1,966,685",600,"126,683","99,302","27,230",151,"3,293,153","3,144,717","232,632","2,911,888",197,"148,436","148,300",102,34,"405,515","388,108","137,020","29,904","221,184","17,407"
January 1988,"5,856,149","1,949,129","1,863,288","122,499","1,740,682",107,"85,841","63,745","21,982",114,"3,505,881","3,169,796","335,837","2,833,656",303,"336,085","335,884",136,65,"401,139","388,361","138,326","28,020","222,015","12,778"
February 1988,"5,413,266","1,808,668","1,706,830","168,389","1,538,330",111,"101,838","80,075","21,545",218,"3,178,569","2,900,768","349,223","2,551,399",146,"277,801","277,656",50,95,"426,029","408,429","148,530","25,228","234,671","17,600"
March 1988,"6,777,725","2,159,843","2,025,281","158,467","1,866,385",429,"134,562","90,814","43,523",225,"4,135,537","3,825,573","452,467","3,372,727",379,"309,964","309,226",553,185,"482,345","458,510","162,131","27,043","269,336","23,835"
April 1988,"7,361,563","2,501,711","2,329,638","168,334","2,158,864","2,440","172,073","108,725","63,093",255,"4,414,354","4,178,118","378,283","3,797,728","2,107","236,236","235,770",100,366,"445,498","422,789","152,295","29,438","241,056","22,709"
May 1988,"8,401,116","3,414,536","3,124,563","216,227","2,822,540","85,796","289,973","187,225","100,275","2,473","4,497,703","4,305,223","285,522","3,998,908","20,793","192,480","190,939",163,"1,378","488,877","463,123","162,572","47,799","252,752","25,754"
June 1988,"9,204,690","4,238,452","3,873,067","276,651","3,380,036","216,380","365,385","251,477","109,987","3,921","4,439,199","4,271,229","211,897","4,006,363","52,969","167,970","166,898",154,918,"527,039","496,712","175,130","62,048","259,534","30,327"
July 1988,"13,175,252","6,332,661","5,794,650","304,031","5,188,450","302,169","538,011","342,740","188,324","6,947","6,359,223","6,149,432","217,297","5,791,271","140,864","209,791","206,795",277,"2,719","483,368","449,505","146,689","66,327","236,489","33,863"
August 1988,"12,451,461","5,766,725","5,252,950","316,624","4,634,836","301,490","513,775","295,556","212,416","5,803","6,154,453","5,863,366","239,610","5,518,272","105,484","291,087","287,913",357,"2,817","530,283","494,371","168,464","64,740","261,167","35,912"
September 1988,"9,058,672","3,840,328","3,470,732","247,841","3,122,594","100,297","369,596","215,749","149,643","4,204","4,716,560","4,494,998","217,509","4,233,473","44,016","221,562","220,208",327,"1,027","501,784","473,315","160,580","56,538","256,197","28,469"
October 1988,"7,813,950","2,822,951","2,598,140","209,668","2,377,906","10,566","224,811","138,185","86,188",438,"4,510,827","4,302,768","282,193","4,015,985","4,590","208,059","207,496",234,329,"480,172","453,394","161,560","37,721","254,113","26,778"
November 1988,"6,709,177","2,209,289","2,064,484","163,940","1,899,183","1,361","144,805","93,502","51,002",301,"4,029,546","3,864,439","301,122","3,563,028",289,"165,107","164,945",78,84,"470,342","451,000","160,533","32,750","257,717","19,342"
December 1988,"6,812,767","2,208,622","2,043,432","160,625","1,882,266",541,"165,190","125,291","39,864",35,"4,167,252","3,982,724","283,766","3,698,705",253,"184,528","184,380",115,33,"436,893","416,562","144,938","30,319","241,305","20,331"
January 1989,"6,403,288","1,846,990","1,731,446","132,937","1,598,328",181,"115,544","87,811","27,650",83,"4,112,643","3,767,871","379,308","3,388,285",278,"344,772","344,689",80,3,"443,655","428,871","156,645","26,047","246,179","14,784"
February 1989,"6,029,575","1,727,992","1,619,499","137,522","1,481,837",140,"108,493","78,907","29,413",173,"3,859,885","3,568,118","371,238","3,196,858",22,"291,767","291,634",76,57,"441,698","422,102","157,005","22,784","242,313","19,596"
March 1989,"7,877,531","2,254,372","2,100,250","156,188","1,943,656",406,"154,122","105,332","48,512",278,"5,136,723","4,807,414","505,353","4,301,759",302,"329,309","329,139",71,99,"486,436","465,254","167,512","27,099","270,643","21,182"
April 1989,"7,766,733","2,351,285","2,173,575","160,434","2,010,681","2,460","177,710","119,501","58,067",142,"4,946,942","4,689,628","414,124","4,274,121","1,383","257,314","256,850",57,407,"468,506","445,049","159,827","31,482","253,740","23,457"
May 1989,"8,966,782","3,236,981","2,930,711","224,135","2,641,839","64,737","306,270","202,705","102,345","1,220","5,218,065","5,001,348","319,823","4,665,405","16,120","216,717","214,792",148,"1,777","511,736","483,235","173,023","43,658","266,554","28,501"
June 1989,"9,934,219","4,186,788","3,796,024","292,802","3,312,251","190,971","390,764","272,867","113,798","4,099","5,218,058","5,030,445","222,786","4,759,450","48,209","187,613","186,344",160,"1,109","529,373","496,268","172,525","57,671","266,072","33,105"
July 1989,"13,563,572","5,913,137","5,367,594","296,682","4,774,390","296,522","545,543","349,955","182,625","12,963","7,171,981","6,942,496","237,096","6,603,566","101,834","229,485","226,302",270,"2,913","478,454","443,024","148,398","61,372","233,254","35,430"
August 1989,"13,287,854","5,708,564","5,179,789","310,236","4,569,721","299,832","528,775","307,434","210,075","11,266","7,049,278","6,744,933","259,109","6,409,981","75,843","304,345","301,063",197,"3,085","530,012","496,364","169,849","63,881","262,634","33,648"
September 1989,"9,788,169","3,781,300","3,390,755","242,740","3,034,245","113,770","390,545","246,470","137,303","6,772","5,497,184","5,255,274","240,758","4,976,981","37,535","241,910","240,595",140,"1,175","509,685","481,319","167,183","59,415","254,721","28,366"
October 1989,"8,583,104","2,764,604","2,527,788","197,607","2,315,228","14,953","236,816","147,192","89,077",547,"5,316,659","5,102,059","293,674","4,801,688","6,697","214,600","214,192",100,308,"501,841","472,380","173,324","38,490","260,566","29,461"
November 1989,"7,358,822","2,156,081","2,005,621","155,401","1,849,144","1,076","150,460","94,450","55,724",286,"4,739,208","4,558,849","331,128","4,227,294",427,"180,359","180,168",142,49,"463,533","440,181","161,019","31,700","247,462","23,352"
December 1989,"7,120,661","2,053,831","1,882,035","161,908","1,719,611",516,"171,796","133,565","38,100",131,"4,640,813","4,442,669","305,514","4,136,858",297,"198,144","198,052",44,48,"426,017","403,847","147,194","30,250","226,403","22,170"
January 1990,"7,204,320","1,852,514","1,730,393","132,835","1,597,378",180,"122,121","90,081","31,977",63,"4,917,922","4,554,778","447,175","4,107,306",297,"363,144","363,071",67,6,"433,884","417,484","153,707","26,347","237,430","16,400"
February 1990,"6,619,942","1,721,936","1,606,230","139,908","1,466,165",157,"115,706","87,534","28,081",91,"4,468,258","4,175,855","427,271","3,748,475",109,"292,403","292,204",71,128,"429,748","404,346","146,170","24,369","233,807","25,402"
March 1990,"8,555,278","2,216,404","2,068,105","161,172","1,906,308",625,"148,299","106,015","42,086",198,"5,850,943","5,483,815","569,546","4,913,430",839,"367,128","366,802",128,198,"487,931","459,644","169,638","26,646","263,360","28,287"
April 1990,"8,736,263","2,465,442","2,266,947","189,610","2,073,582","3,755","198,495","136,689","61,555",251,"5,804,756","5,545,618","463,924","5,079,425","2,269","259,138","258,444",64,630,"466,065","441,740","166,020","33,596","242,124","24,325"
May 1990,"9,766,116","3,244,040","2,943,752","225,469","2,653,660","64,623","300,288","203,389","95,261","1,638","6,008,457","5,780,919","324,003","5,443,583","13,333","227,538","225,617",220,"1,701","513,619","480,926","181,448","43,878","255,600","32,693"
June 1990,"10,856,739","4,278,689","3,882,219","293,605","3,393,419","195,195","396,470","280,937","106,361","9,172","6,045,530","5,838,003","239,217","5,562,240","36,546","207,527","206,112",323,"1,092","532,520","494,894","179,999","66,084","248,811","37,626"
July 1990,"14,207,522","5,635,015","5,105,334","298,239","4,535,087","272,008","529,681","360,504","158,704","10,473","8,059,711","7,814,686","245,268","7,469,173","100,245","245,025","241,921",346,"2,758","512,796","473,169","167,975","66,955","238,239","39,627"
August 1990,"14,491,237","5,773,933","5,249,922","321,683","4,632,394","295,845","524,011","320,718","190,519","12,774","8,178,710","7,847,479","271,708","7,491,470","84,301","331,231","327,957",184,"3,090","538,594","495,936","177,279","71,180","247,477","42,658"
September 1990,"10,573,747","3,652,984","3,277,478","241,637","2,914,380","121,461","375,506","240,223","129,853","5,430","6,417,141","6,159,619","252,193","5,871,161","36,265","257,522","256,028",90,"1,404","503,622","467,530","170,277","66,114","231,139","36,092"
October 1990,"9,348,147","2,761,067","2,529,217","214,563","2,303,358","11,296","231,850","143,566","87,941",343,"6,085,093","5,866,262","306,097","5,555,178","4,987","218,831","218,569",74,188,"501,987","474,104","183,092","38,444","252,568","27,883"
November 1990,"8,729,946","2,242,776","2,103,162","159,019","1,942,883","1,260","139,614","87,415","51,664",535,"6,047,653","5,867,212","329,082","5,537,613",517,"180,441","180,200",106,135,"439,517","416,831","156,407","29,520","230,904","22,686"
December 1990,"8,233,419","2,145,670","1,971,320","159,266","1,811,635",419,"174,350","134,775","39,490",85,"5,701,323","5,498,527","300,318","5,197,989",220,"202,796","202,459",297,40,"386,426","362,945","132,546","29,225","201,174","23,481"
January 1991,"7,488,988","1,686,542","1,568,151","122,579","1,445,477",95,"118,391","82,178","36,114",99,"5,380,265","5,049,900","381,549","4,668,213",138,"330,365","330,278",65,22,"422,181","405,042","155,228","27,821","221,993","17,139"
February 1991,"7,516,038","1,812,730","1,693,937","129,489","1,564,278",170,"118,793","89,463","29,146",184,"5,319,573","5,084,884","355,028","4,729,609",247,"234,689","234,210",444,35,"383,735","367,612","145,317","21,908","200,387","16,123"
March 1991,"9,613,713","2,270,457","2,113,674","154,593","1,958,458",623,"156,783","107,176","49,306",301,"6,912,558","6,602,555","466,418","6,135,398",739,"310,003","309,781",135,87,"430,698","408,082","155,946","26,619","225,517","22,616"
April 1991,"9,416,565","2,289,734","2,107,950","158,287","1,946,407","3,256","181,784","124,716","56,783",285,"6,683,301","6,456,077","391,398","6,062,970","1,709","227,224","226,104",84,"1,036","443,530","422,927","166,577","28,766","227,584","20,603"
May 1991,"10,765,086","3,226,032","2,929,772","215,540","2,656,065","58,167","296,260","200,704","92,960","2,596","7,060,702","6,867,938","291,427","6,555,005","21,506","192,764","191,338",64,"1,362","478,352","453,555","172,439","47,368","233,748","24,797"
June 1991,"11,771,149","4,214,189","3,826,068","271,522","3,335,825","218,721","388,121","271,188","108,732","8,201","7,052,266","6,868,386","208,899","6,611,840","47,647","183,880","182,553",117,"1,210","504,694","478,492","185,109","69,911","223,472","26,202"
July 1991,"14,772,783","5,457,756","4,925,895","287,514","4,376,624","261,757","531,861","353,104","170,178","8,579","8,816,798","8,594,696","213,215","8,293,131","88,350","222,102","218,937",41,"3,124","498,229","469,367","171,828","69,845","227,694","28,862"
August 1991,"15,293,392","5,683,747","5,145,807","307,349","4,547,003","291,455","537,940","326,414","197,782","13,744","9,093,811","8,789,481","255,301","8,457,664","76,516","304,330","300,927",163,"3,240","515,834","487,553","178,581","71,775","237,197","28,281"
September 1991,"10,417,160","3,460,443","3,081,846","233,070","2,739,090","109,686","378,597","249,574","121,683","7,340","6,468,076","6,243,123","216,915","5,988,420","37,788","224,953","223,645",40,"1,268","488,641","465,052","173,046","66,344","225,662","23,589"
October 1991,"9,739,149","2,633,076","2,412,476","213,174","2,186,314","12,988","220,600","143,913","75,869",818,"6,608,351","6,399,913","287,235","6,107,596","5,082","208,438","208,247",76,115,"497,722","475,777","184,841","38,001","252,935","21,945"
November 1991,"8,989,652","2,010,467","1,876,620","145,433","1,730,496",691,"133,847","83,071","50,094",682,"6,529,032","6,334,239","318,439","6,015,288",512,"194,793","194,665",31,97,"450,153","430,648","168,372","29,473","232,803","19,505"
December 1991,"8,731,237","2,072,516","1,894,964","154,117","1,740,375",472,"177,552","135,250","42,112",190,"6,249,578","6,059,413","298,785","5,760,298",330,"190,165","190,101",20,44,"409,143","388,798","143,569","30,246","214,983","20,345"
January 1992,"8,283,712","1,769,683","1,650,191","120,654","1,529,437",100,"119,492","82,086","37,308",98,"6,080,395","5,735,546","406,842","5,328,427",277,"344,849","344,792",32,25,"433,634","419,477","164,231","24,852","230,394","14,157"
February 1992,"8,030,515","1,837,686","1,710,043","133,133","1,576,787",123,"127,643","94,583","32,812",248,"5,758,208","5,468,289","398,024","5,069,998",267,"289,919","289,843",19,57,"434,621","416,407","165,576","24,948","225,883","18,214"
March 1992,"9,452,220","1,994,810","1,853,343","149,047","1,703,832",464,"141,467","98,557","42,619",291,"6,966,709","6,620,442","506,570","6,113,537",335,"346,267","346,029",35,203,"490,701","465,571","184,461","29,621","251,489","25,130"
April 1992,"9,524,543","2,286,785","2,101,750","166,692","1,933,009","2,049","185,035","130,975","53,740",320,"6,765,593","6,524,317","407,864","6,114,413","2,040","241,276","240,726",42,508,"472,165","449,213","179,800","29,684","239,729","22,952"
May 1992,"10,655,202","3,190,872","2,893,591","215,480","2,633,007","45,104","297,281","211,812","83,422","2,047","6,956,031","6,720,399","313,104","6,389,760","17,535","235,632","233,684",45,"1,903","508,299","479,783","186,483","47,274","246,026","28,516"
June 1992,"11,210,261","3,934,542","3,554,046","283,621","3,134,681","135,744","380,496","272,096","102,605","5,795","6,725,513","6,527,511","212,124","6,278,857","36,530","198,002","196,376",56,"1,570","550,206","519,376","202,036","61,754","255,586","30,830"
July 1992,"14,407,954","5,277,347","4,723,976","301,541","4,246,853","175,582","553,371","361,135","182,216","10,020","8,606,997","8,364,826","224,425","8,069,060","71,341","242,171","238,906",278,"2,987","523,610","491,605","179,480","67,099","245,026","32,005"
August 1992,"14,744,959","5,203,691","4,664,953","290,969","4,216,467","157,517","538,738","335,089","191,721","11,928","8,990,159","8,649,404","267,343","8,310,572","71,489","340,755","336,833",154,"3,768","551,109","518,764","193,145","74,093","251,526","32,345"
September 1992,"10,562,644","3,434,786","3,034,019","245,227","2,689,418","99,374","400,767","252,569","140,282","7,916","6,601,252","6,349,050","230,876","6,081,565","36,609","252,202","250,850",45,"1,307","526,606","497,266","188,102","63,322","245,842","29,340"
October 1992,"9,194,991","2,656,638","2,422,114","208,754","2,200,483","12,877","234,524","145,061","87,911","1,552","6,028,043","5,806,948","293,400","5,507,118","6,430","221,095","220,895",52,148,"510,310","487,613","189,700","37,860","260,053","22,697"
November 1992,"7,930,266","2,051,275","1,909,383","147,195","1,761,084","1,104","141,892","86,428","55,229",235,"5,418,413","5,216,941","337,458","4,878,989",494,"201,472","201,331",79,62,"460,578","437,743","172,435","26,737","238,571","22,835"
December 1992,"7,479,725","2,092,688","1,909,915","166,756","1,742,923",236,"182,773","137,982","44,650",141,"4,932,803","4,743,860","310,328","4,433,266",266,"188,943","188,875",30,38,"454,234","432,433","167,309","26,095","239,029","21,801"
January 1993,"7,356,683","1,781,569","1,653,919","129,037","1,524,799",83,"127,650","87,477","40,050",123,"5,110,391","4,718,311","436,078","4,282,045",188,"392,080","391,923",78,79,"464,723","447,181","174,369","24,145","248,667","17,542"
February 1993,"6,849,475","1,722,853","1,603,472","138,645","1,464,576",251,"119,381","89,303","29,885",193,"4,654,359","4,366,540","402,665","3,963,585",290,"287,819","287,750",31,38,"472,263","451,980","178,915","20,719","252,346","20,283"
March 1993,"8,366,139","1,899,985","1,754,192","159,409","1,594,313",470,"145,793","106,170","38,977",646,"5,925,522","5,575,800","510,988","5,064,026",786,"349,722","349,650",24,48,"540,632","516,091","204,202","23,769","288,120","24,541"
April 1993,"8,884,434","2,292,506","2,106,027","167,067","1,935,469","3,491","186,479","129,746","55,835",898,"6,082,803","5,817,101","418,251","5,397,305","1,545","265,702","265,316",26,360,"509,125","480,657","189,996","27,621","263,040","28,468"
May 1993,"10,066,306","3,151,381","2,834,714","231,288","2,559,230","44,196","316,667","231,181","82,455","3,031","6,365,800","6,114,993","322,575","5,770,223","22,195","250,807","249,359",32,"1,416","549,125","519,101","196,790","45,885","276,426","30,024"
June 1993,"10,498,938","3,882,762","3,480,263","303,980","3,058,153","118,130","402,499","290,871","103,798","7,830","6,018,419","5,808,473","211,849","5,558,739","37,885","209,946","208,559",52,"1,335","597,757","560,197","211,074","63,757","285,366","37,560"
July 1993,"13,705,714","5,522,246","4,933,229","334,348","4,403,271","195,610","589,017","405,417","170,592","13,008","7,634,156","7,380,590","237,787","7,065,018","77,785","253,566","251,306",54,"2,206","549,312","511,616","183,405","68,130","260,081","37,696"
August 1993,"13,608,003","5,304,015","4,731,402","318,541","4,236,431","176,430","572,613","353,784","205,174","13,655","7,712,335","7,356,447","274,155","6,999,619","82,673","355,888","352,878",78,"2,932","591,653","554,467","205,005","65,614","283,848","37,186"
September 1993,"9,853,594","3,569,714","3,144,021","259,359","2,799,463","85,199","425,693","280,381","137,596","7,716","5,711,052","5,455,855","230,130","5,191,847","33,878","255,197","254,083",6,"1,108","572,828","543,262","200,557","61,366","281,339","29,566"
October 1993,"8,620,168","2,716,899","2,455,794","232,368","2,212,262","11,164","261,105","167,729","92,777",599,"5,356,996","5,116,821","305,256","4,806,398","5,167","240,175","240,077",4,94,"546,273","520,136","199,546","34,352","286,238","26,137"
November 1993,"7,310,268","2,054,485","1,916,182","160,250","1,754,473","1,459","138,303","84,443","53,711",149,"4,733,760","4,539,774","320,439","4,218,717",618,"193,986","193,924",4,58,"522,023","500,932","196,262","26,293","278,377","21,091"
December 1993,"7,403,417","2,202,046","2,009,525","180,471","1,828,554",500,"192,521","139,684","52,596",241,"4,703,519","4,490,521","308,237","4,182,039",245,"212,998","212,948",8,42,"497,852","476,211","178,992","25,273","271,946","21,641"
January 1994,"6,427,770","1,642,424","1,518,081","130,539","1,387,425",117,"124,343","83,796","40,432",115,"4,305,791","3,908,942","403,287","3,505,389",266,"396,849","396,812",22,15,"479,555","464,009","177,418","20,232","266,359","15,546"
February 1994,"6,194,631","1,755,597","1,620,813","145,528","1,475,151",134,"134,784","106,865","27,733",186,"3,941,124","3,634,225","369,707","3,264,336",182,"306,899","306,871",27,1,"497,910","476,776","181,782","18,845","276,149","21,134"
March 1994,"7,806,199","2,076,269","1,914,050","170,005","1,743,516",529,"162,219","120,083","41,952",184,"5,137,691","4,761,227","505,256","4,255,267",704,"376,464","376,332",6,126,"592,239","565,892","214,206","22,258","329,428","26,347"
April 1994,"7,699,508","2,354,311","2,159,441","175,194","1,981,638","2,609","194,870","137,321","57,095",454,"4,808,226","4,515,746","413,673","4,100,508","1,565","292,480","292,345",4,131,"536,971","511,801","195,766","25,406","290,629","25,170"
May 1994,"8,731,324","3,255,477","2,918,825","239,726","2,625,269","53,830","336,652","241,985","91,154","3,513","4,872,928","4,632,352","301,168","4,308,847","22,337","240,576","239,620",12,944,"602,919","571,868","207,041","56,107","308,720","31,051"
June 1994,"9,566,730","4,200,278","3,734,875","313,103","3,323,296","98,476","465,403","329,955","128,444","7,004","4,718,211","4,500,821","226,407","4,240,759","33,655","217,390","216,675",16,699,"648,241","609,836","221,612","61,655","326,569","38,405"
July 1994,"12,708,819","5,938,381","5,291,641","339,105","4,780,628","171,908","646,740","434,763","198,576","13,401","6,199,404","5,936,488","225,672","5,637,189","73,627","262,916","260,475",30,"2,411","571,034","533,754","179,421","68,929","285,404","37,280"
August 1994,"12,228,456","5,550,503","4,957,061","331,099","4,461,366","164,596","593,442","379,928","204,326","9,188","6,022,431","5,684,580","241,965","5,389,079","53,536","337,851","334,145",21,"3,685","655,522","620,146","217,513","68,982","333,651","35,376"
September 1994,"9,320,580","3,964,188","3,477,547","275,076","3,089,425","113,046","486,641","326,151","151,644","8,846","4,723,841","4,452,629","233,898","4,186,956","31,775","271,212","269,859",14,"1,339","632,551","604,040","211,765","70,074","322,201","28,511"
October 1994,"8,375,024","3,035,883","2,757,804","219,840","2,521,272","16,692","278,079","194,465","82,156","1,458","4,754,575","4,513,125","293,144","4,214,818","5,163","241,450","241,144",11,295,"584,566","560,931","205,863","36,668","318,400","23,635"
November 1994,"7,066,550","2,382,800","2,226,046","159,278","2,065,711","1,057","156,754","101,641","54,471",642,"4,110,927","3,907,389","310,473","3,596,599",317,"203,538","203,442",1,95,"572,823","553,122","207,188","27,891","318,043","19,701"
December 1994,"7,131,488","2,494,672","2,282,609","177,283","2,104,599",727,"212,063","158,175","53,776",112,"4,092,140","3,865,648","299,528","3,565,878",242,"226,492","226,421",0,71,"544,676","524,225","194,291","26,765","303,169","20,451"
January 1995,"6,582,915","2,034,010","1,891,142","143,465","1,747,528",149,"142,868","100,312","42,445",111,"3,990,314","3,572,514","391,349","3,181,000",165,"417,800","417,779",5,16,"558,591","539,768","201,869","21,702","316,197","18,823"
February 1995,"6,087,648","2,069,193","1,915,904","152,226","1,763,473",205,"153,289","119,388","33,833",68,"3,469,316","3,143,896","354,530","2,789,192",174,"325,420","325,369",4,47,"549,139","528,545","195,083","20,490","312,972","20,594"
March 1995,"7,668,644","2,344,959","2,158,192","181,748","1,975,764",680,"186,767","133,165","53,402",200,"4,685,167","4,275,469","468,368","3,806,717",384,"409,698","409,575",0,123,"638,518","613,482","221,918","23,223","368,341","25,036"
April 1995,"8,032,500","2,749,245","2,515,482","181,382","2,330,099","4,001","233,763","169,850","63,487",426,"4,712,307","4,419,105","368,928","4,048,607","1,570","293,202","292,943",2,257,"570,948","544,709","197,555","25,291","321,863","26,239"
May 1995,"8,935,523","3,544,194","3,165,841","261,897","2,858,006","45,938","378,353","263,416","110,109","4,828","4,750,692","4,490,797","305,238","4,168,694","16,865","259,895","257,347",2,"2,546","640,637","610,416","220,693","48,787","340,936","30,221"
June 1995,"9,850,777","4,519,384","3,996,572","358,328","3,543,311","94,933","522,812","366,258","148,466","8,088","4,674,466","4,446,531","239,834","4,184,950","21,747","227,935","226,468",5,"1,462","656,927","622,240","216,998","61,557","343,685","34,687"
July 1995,"12,765,577","6,101,331","5,379,752","381,552","4,858,165","140,035","721,579","484,429","226,943","10,207","6,063,281","5,788,044","244,425","5,514,827","28,792","275,237","272,128",19,"3,090","600,965","566,771","189,516","69,124","308,131","34,194"
August 1995,"12,629,445","5,895,101","5,201,114","392,659","4,680,206","128,249","693,987","427,167","258,640","8,180","6,045,779","5,684,945","277,860","5,373,980","33,105","360,834","357,514",37,"3,283","688,565","654,844","220,693","70,923","363,228","33,721"
September 1995,"9,658,507","4,230,453","3,676,553","312,619","3,270,280","93,654","553,900","381,452","164,675","7,773","4,777,430","4,504,847","254,615","4,231,931","18,301","272,583","271,457",1,"1,125","650,624","621,260","208,526","64,667","348,067","29,364"
October 1995,"8,406,927","3,159,901","2,815,167","250,302","2,551,814","13,051","344,734","227,594","115,895","1,245","4,609,001","4,369,036","329,433","4,036,358","3,245","239,965","239,688",9,268,"638,025","612,404","212,596","37,418","362,390","25,621"
November 1995,"7,022,707","2,442,519","2,270,345","198,792","2,071,040",513,"172,174","114,942","56,741",491,"3,982,072","3,766,466","369,095","3,397,152",219,"215,606","215,495",0,111,"598,116","575,266","197,399","25,577","352,290","22,850"
December 1995,"7,037,421","2,566,622","2,344,059","213,701","2,129,918",440,"222,563","174,719","47,600",244,"3,936,823","3,691,820","336,247","3,355,402",171,"245,003","244,962",0,41,"533,976","512,133","174,171","25,971","311,991","21,843"
January 1996,"6,633,023","2,073,072","1,930,327","174,263","1,756,001",63,"142,745","109,391","33,314",40,"3,979,717","3,552,568","454,628","3,097,822",118,"427,149","427,133",0,16,"580,234","561,434","200,270","22,337","338,827","18,800"
February 1996,"6,728,711","2,292,839","2,119,638","186,630","1,932,863",145,"173,201","141,228","31,688",285,"3,854,712","3,502,734","471,118","3,031,464",152,"351,978","351,958",0,20,"581,160","559,905","199,072","21,060","339,773","21,255"
March 1996,"8,348,851","2,653,757","2,434,020","207,996","2,225,594",430,"219,737","169,774","49,738",225,"5,075,021","4,620,660","574,354","4,045,949",357,"454,361","454,296",3,62,"620,073","594,380","206,515","22,318","365,547","25,693"
April 1996,"8,168,087","2,843,038","2,583,366","233,086","2,348,535","1,745","259,672","180,914","77,919",839,"4,706,563","4,408,189","454,122","3,953,155",912,"298,374","297,999",2,373,"618,486","590,827","208,394","26,679","355,754","27,659"
May 1996,"9,405,078","3,791,533","3,343,496","308,057","2,983,576","51,863","448,037","304,640","136,761","6,636","4,907,065","4,649,733","373,583","4,259,746","16,404","257,332","256,178",0,"1,154","706,480","670,414","230,101","57,806","382,507","36,066"
June 1996,"10,317,134","4,809,994","4,200,390","398,572","3,694,605","107,213","609,604","421,738","178,468","9,398","4,817,410","4,582,073","278,222","4,286,504","17,347","235,337","234,214",3,"1,120","689,730","656,796","222,407","67,186","367,203","32,934"
July 1996,"12,607,994","6,067,649","5,286,786","428,728","4,730,911","127,147","780,863","518,122","252,008","10,733","5,855,080","5,586,045","284,579","5,273,680","27,786","269,035","267,339",15,"1,681","685,265","646,930","210,346","73,296","363,288","38,335"
August 1996,"13,174,183","6,241,234","5,485,256","442,547","4,878,828","163,881","755,978","466,488","278,321","11,169","6,202,318","5,828,969","329,423","5,466,986","32,560","373,349","371,361",5,"1,983","730,631","693,971","231,342","74,260","388,369","36,660"
September 1996,"9,253,091","3,979,988","3,390,841","333,144","2,966,006","91,691","589,147","405,848","172,333","10,966","4,589,018","4,318,117","289,295","4,009,622","19,200","270,901","270,203",1,697,"684,085","655,326","218,654","66,874","369,798","28,759"
October 1996,"8,374,680","3,235,881","2,871,518","276,390","2,581,646","13,482","364,363","238,173","124,687","1,503","4,454,064","4,206,961","361,814","3,840,951","4,196","247,103","247,036",0,67,"684,735","659,337","222,949","41,169","395,219","25,398"
November 1996,"7,192,420","2,557,726","2,363,591","196,432","2,166,285",874,"194,135","124,473","69,375",287,"4,019,784","3,784,648","384,642","3,399,550",456,"235,136","234,994",0,142,"614,910","589,458","198,247","29,561","361,650","25,452"
December 1996,"7,187,217","2,709,747","2,461,927","225,716","2,235,856",355,"247,820","190,640","56,983",197,"3,910,407","3,658,272","364,263","3,293,885",124,"252,135","252,095",0,40,"567,063","545,099","182,240","27,978","334,881","21,964"
January 1997,"6,763,791","2,238,845","2,065,689","181,119","1,884,412",158,"173,156","125,064","48,033",59,"3,899,780","3,442,384","454,625","2,987,599",160,"457,396","457,395",1,0,"625,166","601,726","207,054","24,834","369,838","23,440"
February 1997,"6,820,801","2,440,987","2,239,870","194,976","2,044,666",228,"201,117","155,551","45,534",32,"3,775,785","3,397,867","454,423","2,943,208",236,"377,918","377,915",3,0,"604,029","582,911","200,962","24,989","356,960","21,118"
March 1997,"8,579,124","2,880,830","2,633,186","220,525","2,412,063",598,"247,644","182,446","63,796","1,402","5,054,778","4,569,919","573,081","3,996,297",541,"484,859","484,772",2,85,"643,516","616,245","209,022","27,112","380,111","27,271"
April 1997,"8,092,113","2,928,669","2,670,597","234,977","2,432,818","2,802","258,072","183,466","74,288",318,"4,506,198","4,165,231","486,165","3,678,575",491,"340,967","340,677",1,289,"657,246","632,661","218,040","28,325","386,296","24,585"
May 1997,"9,425,818","3,980,642","3,566,217","306,789","3,208,183","51,245","414,425","314,071","93,702","6,652","4,725,834","4,445,951","384,894","4,040,582","20,475","279,883","278,751",10,"1,122","719,342","687,154","223,616","66,542","396,996","32,188"
June 1997,"10,084,826","4,783,026","4,230,029","402,281","3,707,079","120,669","552,997","418,756","124,520","9,721","4,583,465","4,333,784","298,451","4,013,413","21,920","249,681","248,388",4,"1,289","718,335","686,523","222,872","75,807","387,844","31,812"
July 1997,"12,677,092","6,271,199","5,553,586","464,515","4,920,773","168,298","717,613","516,029","191,122","10,462","5,688,045","5,388,955","292,120","5,066,639","30,196","299,090","296,788",0,"2,302","717,848","680,950","215,325","77,020","388,605","36,898"
August 1997,"13,473,619","6,448,931","5,729,656","466,337","5,089,717","173,602","719,275","490,199","216,998","12,078","6,288,190","5,879,030","344,755","5,502,331","31,944","409,160","407,048",14,"2,098","736,498","703,992","222,527","79,222","402,243","32,506"
September 1997,"9,242,168","4,084,412","3,520,510","360,989","3,059,900","99,621","563,902","423,511","128,442","11,949","4,426,626","4,140,573","311,968","3,808,295","20,310","286,053","285,439",17,597,"731,130","700,615","225,053","73,072","402,490","30,515"
October 1997,"8,483,347","3,410,418","3,075,161","293,053","2,761,227","20,881","335,257","251,724","80,360","3,173","4,346,218","4,082,112","375,818","3,702,656","3,638","264,106","263,978",29,99,"726,711","697,498","228,686","43,224","425,588","29,213"
November 1997,"7,317,535","2,746,984","2,577,246","212,181","2,364,206",859,"169,738","135,806","33,774",158,"3,935,427","3,670,569","404,294","3,265,704",571,"264,858","264,850",0,8,"635,124","613,066","200,851","29,205","383,010","22,058"
December 1997,"7,178,331","2,861,225","2,628,174","260,753","2,366,885",536,"233,051","201,360","31,557",134,"3,695,080","3,425,455","381,808","3,043,477",170,"269,625","269,624",0,1,"622,026","603,783","193,667","29,265","380,851","18,243"
January 1998,"6,738,517","2,497,602","2,339,408","192,644","2,146,567",197,"158,194","136,459","21,668",67,"3,615,375","3,109,794","457,718","2,651,939",137,"505,581","505,574",0,7,"625,540","608,349","198,200","24,870","385,279","17,191"
February 1998,"6,592,041","2,650,729","2,480,433","212,963","2,267,211",259,"170,296","147,831","22,231",234,"3,313,550","2,914,416","444,574","2,469,688",154,"399,134","399,120",0,14,"627,762","606,250","201,106","23,539","381,605","21,512"
March 1998,"7,756,801","2,776,877","2,584,007","240,817","2,342,445",745,"192,870","159,857","32,949",64,"4,274,419","3,784,569","549,861","3,234,207",501,"489,850","489,839",2,9,"705,505","681,655","225,709","25,693","430,253","23,850"
April 1998,"8,059,354","3,114,238","2,870,124","265,155","2,601,406","3,563","244,114","196,492","47,310",312,"4,249,087","3,896,524","449,468","3,445,958","1,098","352,563","352,431",0,132,"696,029","672,856","221,833","28,700","422,323","23,173"
May 1998,"9,209,088","4,103,534","3,716,241","346,126","3,297,638","72,477","387,293","308,407","71,415","7,471","4,363,235","4,050,473","401,487","3,627,500","21,486","312,762","311,549",0,"1,213","742,319","711,493","229,085","62,775","419,633","30,826"
June 1998,"9,698,808","4,981,655","4,460,660","474,040","3,870,520","116,100","520,995","410,610","100,082","10,303","3,936,917","3,675,376","304,927","3,350,099","20,350","261,541","260,526",3,"1,012","780,236","731,970","228,254","72,796","430,920","48,266"
July 1998,"12,056,003","6,523,395","5,850,548","551,787","5,134,016","164,745","672,847","523,447","137,513","11,887","4,814,833","4,498,877","300,867","4,164,740","33,270","315,956","313,941",1,"2,014","717,775","687,204","202,256","72,411","412,537","30,571"
August 1998,"12,224,370","6,669,370","6,032,962","521,138","5,331,174","180,650","636,408","470,604","151,964","13,840","4,783,740","4,368,031","337,404","3,998,277","32,350","415,709","413,303",3,"2,403","771,260","739,391","223,707","82,521","433,163","31,869"
September 1998,"8,979,573","4,629,108","4,130,294","372,461","3,637,770","120,063","498,814","375,382","111,816","11,616","3,595,713","3,292,771","287,711","2,985,977","19,083","302,942","302,457",23,462,"754,752","727,951","224,733","73,285","429,933","26,801"
October 1998,"8,138,219","3,823,445","3,502,166","354,625","3,128,473","19,068","321,279","249,790","69,292","2,197","3,563,098","3,273,659","395,993","2,874,728","2,938","289,439","289,392",0,47,"751,676","726,432","230,865","39,986","455,581","25,244"
November 1998,"7,015,772","3,087,191","2,920,636","259,277","2,660,319","1,040","166,555","134,247","31,982",326,"3,250,631","2,971,405","424,917","2,546,114",374,"279,226","279,203",0,23,"677,950","657,201","210,514","30,441","416,246","20,749"
December 1998,"7,095,682","3,206,585","2,969,713","295,388","2,673,860",465,"236,872","205,763","30,995",114,"3,224,769","2,931,836","381,323","2,550,387",126,"292,933","292,930",0,3,"664,328","646,270","207,691","27,315","411,264","18,058"
January 1999,"6,233,665","2,390,240","2,230,212","220,338","2,009,668",206,"160,028","139,185","20,789",54,"3,192,112","2,681,681","450,545","2,230,987",149,"510,431","510,425",1,5,"651,313","635,246","202,416","24,316","408,514","16,067"
February 1999,"6,511,223","2,769,136","2,583,656","245,873","2,337,603",180,"185,480","163,600","21,797",83,"3,078,184","2,651,159","436,504","2,214,546",109,"427,025","427,019",6,0,"663,903","645,018","210,618","23,093","411,307","18,885"
March 1999,"7,680,479","3,009,928","2,791,424","280,677","2,508,759","1,988","218,504","192,109","26,251",144,"3,901,401","3,378,311","551,957","2,826,093",261,"523,090","523,083",5,2,"769,150","742,953","239,835","24,867","478,251","26,197"
April 1999,"8,038,871","3,405,892","3,172,165","294,042","2,873,203","4,920","233,727","196,177","37,012",538,"3,901,872","3,518,690","480,375","3,037,326",989,"383,182","382,925",3,254,"731,107","709,310","225,902","29,226","454,182","21,797"
May 1999,"9,084,094","4,272,012","3,874,650","366,992","3,428,643","79,015","397,362","326,697","61,108","9,557","4,043,463","3,728,143","430,213","3,280,432","17,498","315,320","314,332",1,987,"768,619","737,088","228,686","62,384","446,018","31,531"
June 1999,"9,601,126","5,085,442","4,562,310","478,719","3,956,145","127,446","523,132","421,463","88,689","12,980","3,692,079","3,441,121","320,373","3,102,153","18,595","250,958","249,937",2,"1,019","823,605","795,674","249,389","73,623","472,662","27,931"
July 1999,"12,637,192","7,006,165","6,312,806","562,838","5,569,000","180,968","693,359","549,248","130,893","13,218","4,852,035","4,556,266","335,838","4,188,419","32,009","295,769","293,545",2,"2,222","778,992","745,964","219,613","80,342","446,009","33,028"
August 1999,"12,448,136","6,461,759","5,819,491","503,379","5,129,218","186,894","642,268","489,666","136,938","15,664","5,131,970","4,743,479","388,049","4,328,457","26,973","388,491","386,433",7,"2,051","854,407","818,118","246,993","88,023","483,102","36,289"
September 1999,"9,490,608","4,684,970","4,112,829","411,086","3,556,363","145,380","572,141","446,019","110,137","15,985","3,968,360","3,665,605","371,608","3,271,961","22,036","302,755","302,196",1,558,"837,278","805,490","241,445","84,701","479,344","31,788"
October 1999,"8,491,037","3,813,969","3,460,011","341,178","3,096,678","22,155","353,958","284,930","65,616","3,412","3,893,004","3,600,161","452,652","3,144,379","3,130","292,843","292,708",0,135,"784,064","757,854","235,218","42,087","480,549","26,210"
November 1999,"7,308,022","3,104,939","2,902,914","265,797","2,636,289",828,"202,025","168,073","33,755",197,"3,463,230","3,189,506","457,935","2,731,321",250,"273,724","273,698",1,25,"739,853","719,506","220,124","30,140","469,242","20,347"
December 1999,"7,088,052","3,051,031","2,807,735","314,305","2,492,912",518,"243,296","213,548","29,606",142,"3,330,375","3,042,306","435,767","2,606,300",239,"288,069","288,064",0,5,"706,646","687,264","213,874","27,224","446,166","19,382"
January 2000,"6,615,814","2,564,365","2,379,373","216,987","2,161,951",435,"184,992","154,181","30,704",107,"3,349,405","2,887,227","474,372","2,412,575",280,"462,178","462,172",0,6,"702,044","683,672","217,911","24,894","440,867","18,372"
February 2000,"6,818,615","2,776,276","2,570,572","256,763","2,313,543",266,"205,704","179,131","26,441",132,"3,321,291","2,881,466","520,099","2,361,193",174,"439,825","439,819",5,1,"721,048","701,573","222,222","23,724","455,627","19,475"
March 2000,"8,176,940","3,100,653","2,875,532","283,069","2,591,944",519,"225,121","192,660","32,276",185,"4,258,293","3,746,488","627,470","3,118,661",357,"511,805","511,798",0,7,"817,994","793,720","244,169","26,356","523,195","24,274"
April 2000,"8,322,096","3,441,617","3,133,835","296,828","2,833,878","3,129","307,782","255,150","51,647",985,"4,146,486","3,728,598","534,561","3,192,747","1,290","417,888","417,815",4,69,"733,993","704,985","215,310","29,551","460,124","29,008"
May 2000,"9,047,590","4,195,367","3,783,889","367,772","3,328,645","87,472","411,478","332,213","65,982","13,283","4,013,466","3,675,480","468,788","3,186,213","20,479","337,986","336,517",0,"1,469","838,757","803,912","234,333","75,083","494,496","34,845"
June 2000,"9,806,955","5,146,386","4,581,795","506,955","3,923,491","151,349","564,591","458,220","90,819","15,552","3,784,132","3,493,792","360,613","3,115,623","17,556","290,340","288,978",0,"1,362","876,437","840,178","241,718","88,057","510,403","36,259"
July 2000,"12,388,530","6,668,533","5,958,326","562,342","5,187,552","208,432","710,207","574,950","119,733","15,524","4,928,918","4,585,136","358,700","4,192,906","33,530","343,782","341,940",4,"1,838","791,079","753,967","206,174","99,767","448,026","37,112"
August 2000,"12,300,547","6,304,853","5,686,690","540,469","4,938,385","207,836","618,163","486,980","116,020","15,163","5,089,738","4,656,423","413,397","4,212,598","30,428","433,315","431,136",0,"2,179","905,956","867,091","251,142","98,733","517,216","38,865"
September 2000,"9,561,082","4,749,119","4,170,346","425,297","3,602,524","142,525","578,773","460,666","100,437","17,670","3,962,124","3,627,530","382,779","3,224,056","20,695","334,594","333,442",2,"1,150","849,839","814,006","233,987","92,019","488,000","35,833"
October 2000,"8,306,325","3,682,432","3,323,853","337,142","2,968,523","18,188","358,579","287,817","68,930","1,832","3,830,209","3,511,744","452,766","3,055,395","3,583","318,465","318,243",0,222,"793,684","766,676","234,347","40,814","491,515","27,008"
November 2000,"7,051,580","2,969,891","2,765,115","274,786","2,489,162","1,167","204,776","170,621","33,934",221,"3,334,321","3,043,828","474,827","2,568,365",636,"290,493","290,465",0,28,"747,368","721,610","215,698","29,588","476,324","25,758"
December 2000,"6,849,601","3,038,015","2,764,489","299,480","2,464,534",475,"273,526","246,503","26,918",105,"3,163,610","2,828,736","406,945","2,421,651",140,"334,874","334,869",0,5,"647,976","624,795","182,291","28,110","414,394","23,181"
January 2001,"6,996,907","2,711,389","2,516,617","238,824","2,277,514",279,"194,772","173,777","20,858",137,"3,563,382","2,990,873","510,152","2,480,518",203,"572,509","572,504",4,1,"722,136","703,128","217,053","27,154","458,921","19,008"
February 2001,"6,642,578","2,801,484","2,600,181","252,103","2,347,786",292,"201,303","181,604","19,611",88,"3,163,242","2,677,729","489,748","2,187,799",182,"485,513","485,512",0,1,"677,852","656,083","198,594","24,012","433,477","21,769"
March 2001,"8,145,291","3,252,550","3,013,013","287,754","2,724,592",667,"239,537","211,415","26,343","1,779","4,104,818","3,499,927","605,088","2,894,421",418,"604,891","604,889",1,1,"787,923","754,272","194,464","26,462","533,346","33,651"
April 2001,"8,127,578","3,455,446","3,165,570","305,828","2,852,033","7,709","289,876","247,671","40,632","1,573","3,931,909","3,484,457","506,019","2,977,423","1,015","447,452","447,289",11,152,"740,223","709,528","183,420","34,750","491,358","30,695"
May 2001,"9,017,943","4,293,937","3,897,711","379,704","3,426,288","91,719","396,226","319,368","63,922","12,936","3,873,960","3,506,538","438,167","3,045,235","23,136","367,422","366,185",0,"1,237","850,046","816,812","209,752","80,532","526,528","33,234"
June 2001,"9,984,680","5,430,183","4,887,631","522,696","4,199,051","165,884","542,552","451,605","75,267","15,680","3,709,035","3,391,774","337,555","3,034,393","19,826","317,261","316,533",3,725,"845,462","807,749","222,313","95,129","490,307","37,713"
July 2001,"12,452,927","6,854,300","6,169,566","563,457","5,395,765","210,344","684,734","564,682","104,464","15,588","4,802,473","4,422,851","349,565","4,040,968","32,318","379,622","377,444",3,"2,175","796,154","758,490","201,489","102,138","454,863","37,664"
August 2001,"12,651,193","6,731,432","6,109,626","571,520","5,333,358","204,748","621,806","489,473","114,514","17,819","5,043,898","4,573,280","378,797","4,162,459","32,024","470,618","468,572",0,"2,046","875,863","837,561","234,476","97,115","505,970","38,302"
September 2001,"7,415,292","3,614,253","3,166,956","304,777","2,717,940","144,239","447,297","364,010","61,936","21,351","3,038,518","2,697,528","217,735","2,451,389","28,404","340,990","340,449",0,541,"762,521","732,073","198,764","102,825","430,484","30,448"
October 2001,"6,175,918","2,692,577","2,429,712","293,531","2,095,611","40,570","262,865","219,169","40,055","3,641","2,713,993","2,423,077","312,167","2,103,568","7,342","290,916","290,766",0,150,"769,348","743,639","217,841","53,204","472,594","25,709"
November 2001,"5,785,028","2,510,445","2,356,560","226,935","2,128,262","1,363","153,885","128,932","24,645",308,"2,578,210","2,325,380","315,468","2,009,385",527,"252,830","252,807",0,23,"696,373","674,927","201,010","26,808","447,109","21,446"
December 2001,"6,082,855","2,798,651","2,558,143","281,044","2,276,560",539,"240,508","213,861","26,505",142,"2,677,121","2,375,029","289,775","2,085,134",120,"302,092","302,079",1,12,"607,083","588,255","170,932","28,380","388,943","18,828"
January 2002,"5,944,025","2,346,588","2,179,481","220,961","1,958,254",266,"167,107","148,746","18,249",112,"2,917,472","2,424,297","381,235","2,042,884",178,"493,175","493,170",2,3,"679,965","662,528","200,374","24,026","438,128","17,437"
February 2002,"5,803,502","2,522,409","2,333,369","234,993","2,098,082",294,"189,040","169,723","19,217",100,"2,618,297","2,198,723","382,229","1,816,331",163,"419,574","419,573",1,0,"662,796","639,910","192,318","23,067","424,525","22,886"
March 2002,"7,267,229","2,993,018","2,767,179","275,822","2,490,643",714,"225,839","197,308","28,350",181,"3,537,393","2,992,908","467,871","2,524,603",434,"544,485","544,482",0,3,"736,818","707,167","178,063","24,820","504,284","29,651"
April 2002,"6,973,710","2,971,116","2,741,161","273,164","2,462,566","5,431","229,955","200,978","28,333",644,"3,246,493","2,819,490","415,289","2,402,907","1,294","427,003","426,846",1,156,"756,101","724,811","218,998","28,902","476,911","31,290"
May 2002,"8,019,659","3,852,637","3,509,306","357,729","3,069,463","82,114","343,331","289,034","41,720","12,577","3,317,660","2,962,608","365,860","2,578,156","18,592","355,052","353,805",2,"1,245","849,362","814,808","234,202","71,994","508,612","34,554"
June 2002,"8,808,128","4,784,577","4,334,956","497,394","3,672,950","164,612","449,621","384,308","50,553","14,760","3,205,383","2,891,893","280,181","2,586,955","24,757","313,490","312,036",4,"1,450","818,168","780,728","216,331","93,239","471,158","37,440"
July 2002,"10,938,175","6,154,626","5,509,506","565,916","4,725,383","218,207","645,120","533,350","98,429","13,341","3,984,299","3,628,728","283,199","3,313,176","32,353","355,571","352,631",3,"2,937","799,250","766,315","206,071","98,508","461,736","32,935"
August 2002,"11,473,901","6,256,102","5,704,608","558,425","4,928,525","217,658","551,494","443,448","93,595","14,451","4,358,816","3,894,307","328,654","3,532,319","33,334","464,509","461,576",0,"2,933","858,983","826,897","225,429","98,508","502,960","32,086"
September 2002,"8,089,783","3,987,390","3,524,827","371,965","2,998,590","154,272","462,563","379,553","60,923","22,087","3,286,059","2,941,547","287,344","2,625,939","28,264","344,512","343,363",0,"1,149","816,334","785,288","217,303","104,221","463,764","31,046"
October 2002,"7,268,858","3,325,417","3,015,903","318,532","2,656,689","40,682","309,514","263,228","43,054","3,232","3,136,881","2,820,650","350,369","2,461,248","9,033","316,231","316,188",1,42,"806,560","784,535","226,887","53,458","504,190","22,025"
November 2002,"6,209,482","2,761,005","2,575,727","247,068","2,327,131","1,528","185,278","156,952","27,972",354,"2,750,531","2,453,419","356,814","2,096,126",479,"297,112","297,096",0,16,"697,946","678,763","197,787","25,909","455,067","19,183"
December 2002,"6,457,574","2,941,375","2,682,149","301,981","2,379,733",435,"259,226","236,321","22,699",206,"2,879,905","2,530,352","338,389","2,191,826",137,"349,553","349,547",0,6,"636,294","619,516","179,141","26,043","414,332","16,778"
January 2003,"6,171,835","2,391,075","2,204,612","220,739","1,983,565",308,"186,463","166,978","19,388",97,"3,069,626","2,488,296","411,363","2,076,722",211,"581,330","581,309",0,21,"711,134","695,331","209,522","25,512","460,297","15,803"
February 2003,"5,700,575","2,333,943","2,142,778","229,832","1,912,586",360,"191,165","172,334","18,783",48,"2,707,282","2,213,906","407,318","1,806,444",144,"493,376","493,373",0,3,"659,350","643,062","193,861","22,523","426,678","16,288"
March 2003,"6,597,099","2,475,616","2,278,772","253,736","2,024,467",569,"196,844","174,792","21,922",130,"3,397,649","2,779,786","476,658","2,302,902",226,"617,863","617,860",0,3,"723,834","701,690","206,895","25,368","469,427","22,144"
April 2003,"6,042,498","2,408,901","2,205,365","221,376","1,979,009","4,980","203,536","181,552","21,335",649,"2,916,962","2,514,029","375,541","2,137,464","1,024","402,933","402,609",0,324,"716,635","693,075","207,746","29,961","455,368","23,560"
May 2003,"7,042,900","3,097,651","2,854,323","278,261","2,498,208","77,854","243,328","201,294","30,973","11,061","3,147,709","2,821,155","343,218","2,456,904","21,033","326,554","325,634",0,920,"797,540","769,658","219,646","73,464","476,548","27,882"
June 2003,"7,970,045","3,993,119","3,631,620","449,435","3,028,525","153,660","361,499","304,123","42,709","14,667","3,192,578","2,892,068","278,980","2,589,705","23,383","300,510","299,502",2,"1,006","784,348","756,353","206,406","92,492","457,455","27,995"
July 2003,"10,040,356","5,303,604","4,818,358","547,727","4,068,393","202,238","485,246","412,549","57,637","15,060","3,957,726","3,586,927","285,017","3,271,729","30,181","370,799","367,925",0,"2,874","779,026","751,202","202,923","99,332","448,947","27,824"
August 2003,"10,676,971","5,454,479","4,989,353","511,923","4,245,195","232,235","465,126","381,268","66,242","17,616","4,416,853","3,916,785","317,441","3,564,793","34,551","500,068","497,148",0,"2,920","805,639","775,840","207,034","109,941","458,865","29,799"
September 2003,"7,504,353","3,453,640","3,061,504","352,485","2,551,401","157,618","392,136","324,715","48,308","19,113","3,223,663","2,860,236","276,807","2,556,218","27,211","363,427","362,520",0,907,"827,050","797,593","216,467","106,917","474,209","29,457"
October 2003,"6,989,009","2,994,876","2,727,207","308,684","2,375,998","42,525","267,669","230,203","34,560","2,906","3,210,134","2,862,625","343,507","2,515,660","3,458","347,509","347,454",3,52,"783,999","759,391","221,553","51,897","485,941","24,608"
November 2003,"6,148,062","2,432,472","2,271,117","241,234","2,028,887",996,"161,355","139,851","21,048",456,"3,039,982","2,681,582","365,197","2,316,073",312,"358,400","358,386",0,14,"675,608","656,454","191,256","27,873","437,325","19,154"
December 2003,"6,168,017","2,563,255","2,324,435","297,478","2,026,457",500,"238,820","217,090","21,568",162,"2,944,666","2,533,838","345,196","2,188,508",134,"410,828","410,823",0,5,"660,096","638,735","182,794","26,022","429,919","21,361"
January 2004,"5,741,252","2,005,306","1,833,581","200,893","1,632,375",313,"171,725","153,783","17,871",71,"3,076,141","2,421,217","402,378","2,018,639",200,"654,924","654,919",4,1,"659,805","639,494","188,879","25,765","424,850","20,311"
February 2004,"5,976,164","2,233,225","2,044,641","225,021","1,819,228",392,"188,584","169,948","18,574",62,"3,065,344","2,476,418","443,631","2,032,586",201,"588,926","588,923",0,3,"677,595","655,115","194,186","23,309","437,620","22,480"
March 2004,"6,985,738","2,377,627","2,177,005","275,269","1,901,088",648,"200,622","176,422","24,082",118,"3,817,467","3,143,821","528,941","2,614,585",295,"673,646","673,643",0,3,"790,644","763,471","219,398","25,917","518,156","27,173"
April 2004,"6,890,834","2,546,812","2,303,407","292,618","2,006,790","3,999","243,405","213,255","28,515","1,635","3,580,677","3,054,537","458,701","2,594,738","1,098","526,140","526,004",5,131,"763,345","735,640","194,254","29,066","512,320","27,705"
May 2004,"7,678,788","3,285,013","2,905,588","345,021","2,474,855","85,712","379,425","319,564","43,271","16,590","3,582,281","3,147,779","396,098","2,726,289","25,392","434,502","433,607",2,893,"811,494","779,486","187,180","80,333","511,973","32,008"
June 2004,"8,257,510","4,202,184","3,716,020","491,699","3,038,411","185,910","486,164","409,261","53,456","23,447","3,207,259","2,861,076","292,738","2,550,668","17,670","346,183","344,809",11,"1,363","848,067","818,534","219,039","103,678","495,817","29,533"
July 2004,"10,522,919","5,616,279","4,976,549","596,716","4,140,605","239,228","639,730","543,581","76,093","20,056","4,084,696","3,662,970","309,146","3,323,773","30,051","421,726","418,959",0,"2,767","821,944","783,389","197,153","114,077","472,159","38,555"
August 2004,"10,386,113","5,189,920","4,607,033","590,184","3,793,868","222,981","582,887","482,905","79,811","20,171","4,341,719","3,834,954","300,688","3,504,867","29,399","506,765","504,213",5,"2,547","854,474","823,178","225,733","112,170","485,275","31,296"
September 2004,"7,948,619","3,736,616","3,221,470","401,894","2,641,106","178,470","515,146","403,975","84,126","27,045","3,374,802","2,956,118","307,410","2,615,441","33,267","418,684","416,924",0,"1,760","837,201","810,037","216,017","113,900","480,120","27,164"
October 2004,"7,112,851","2,978,471","2,605,066","333,194","2,231,403","40,469","373,405","298,249","69,649","5,507","3,379,070","3,008,283","393,272","2,611,498","3,513","370,787","370,727",1,59,"755,310","730,382","210,278","48,077","472,027","24,928"
November 2004,"6,097,725","2,253,271","2,076,665","268,161","1,807,478","1,026","176,606","154,926","21,281",399,"3,138,201","2,776,338","406,789","2,369,234",315,"361,863","361,861",0,2,"706,253","684,252","199,194","25,586","459,472","22,001"
December 2004,"6,226,400","2,419,942","2,159,089","308,269","1,850,328",492,"260,853","239,691","21,005",157,"3,138,636","2,703,786","400,214","2,303,400",172,"434,850","434,850",0,0,"667,822","648,452","186,167","24,511","437,774","19,370"
January 2005,"5,857,864","1,900,770","1,711,345","228,299","1,482,636",410,"189,425","171,421","17,910",94,"3,292,089","2,548,897","482,633","2,066,091",173,"743,192","742,791",401,0,"665,005","646,506","189,288","23,261","433,957","18,499"
February 2005,"5,840,138","2,064,546","1,854,779","253,646","1,600,673",460,"209,767","192,707","16,898",162,"3,102,610","2,493,474","471,320","2,021,904",250,"609,136","608,661",475,0,"672,982","651,181","190,945","20,518","439,718","21,801"
March 2005,"7,164,727","2,298,874","2,053,896","275,596","1,777,678",622,"244,978","217,510","27,156",312,"4,099,890","3,375,419","592,224","2,782,759",436,"724,471","723,689",697,85,"765,963","740,494","208,539","24,011","507,944","25,469"
April 2005,"6,795,787","2,359,911","2,107,294","274,318","1,829,866","3,110","252,617","220,290","31,849",478,"3,684,456","3,081,063","512,814","2,567,328",921,"603,393","602,667",654,72,"751,420","722,755","195,009","26,767","500,979","28,665"
May 2005,"7,610,478","3,075,618","2,677,936","342,898","2,244,041","90,997","397,682","329,307","48,641","19,734","3,730,537","3,237,201","450,468","2,759,750","26,983","493,336","491,652",676,"1,008","804,323","775,543","183,990","77,365","514,188","28,780"
June 2005,"8,233,710","4,021,445","3,484,998","518,386","2,787,790","178,822","536,447","450,093","64,440","21,914","3,356,449","2,968,579","325,105","2,626,188","17,286","387,870","386,422",415,"1,033","855,816","822,209","230,949","96,633","494,627","33,607"
July 2005,"10,564,946","5,344,767","4,653,491","579,160","3,807,566","266,765","691,276","581,047","88,069","22,160","4,424,341","3,975,164","348,038","3,594,658","32,468","449,177","446,129",450,"2,598","795,838","762,617","192,585","115,125","454,907","33,221"
August 2005,"10,329,565","4,724,018","4,119,742","508,569","3,381,766","229,407","604,276","483,844","99,034","21,398","4,738,943","4,167,434","383,312","3,756,082","28,040","571,509","568,201",720,"2,588","866,604","836,114","230,981","108,207","496,926","30,490"
September 2005,"7,872,870","3,436,087","2,892,131","408,225","2,292,898","191,008","543,956","444,787","64,413","34,756","3,590,870","3,153,288","358,220","2,771,556","23,512","437,582","436,058",664,860,"845,913","819,077","223,996","116,843","478,238","26,836"
October 2005,"6,867,943","2,612,637","2,266,885","328,671","1,904,830","33,384","345,752","299,019","42,527","4,206","3,512,958","3,104,577","426,972","2,674,255","3,350","408,381","407,505",475,401,"742,348","718,374","211,643","43,710","463,021","23,974"
November 2005,"5,966,435","2,025,479","1,826,658","263,471","1,562,509",678,"198,821","173,784","24,454",583,"3,241,841","2,876,949","437,186","2,439,433",330,"364,892","364,328",549,15,"699,115","677,614","201,183","24,010","452,421","21,501"
December 2005,"6,205,944","2,295,954","2,005,857","298,150","1,707,352",355,"290,097","267,360","22,503",234,"3,255,961","2,811,949","401,066","2,410,700",183,"444,012","443,506",506,0,"654,029","632,644","187,436","23,922","421,286","21,385"
January 2006,"6,123,828","1,833,564","1,629,252","211,623","1,417,424",205,"204,312","188,512","15,590",210,"3,625,823","2,857,631","525,694","2,331,740",197,"768,192","767,140","1,048",4,"664,441","646,934","186,529","21,746","438,659","17,507"
February 2006,"5,652,022","1,825,365","1,619,633","223,025","1,396,378",230,"205,732","188,234","17,357",141,"3,172,609","2,520,894","504,747","2,015,972",175,"651,715","651,458",249,8,"654,048","633,966","189,719","20,584","423,663","20,082"
March 2006,"7,124,411","2,076,804","1,841,478","264,157","1,576,848",473,"235,326","210,233","24,960",133,"4,273,194","3,483,208","643,334","2,839,546",328,"789,986","789,240",740,6,"774,413","749,140","216,084","23,011","510,045","25,273"
April 2006,"7,117,377","2,297,236","2,018,963","280,848","1,733,539","4,576","278,273","248,858","28,699",716,"4,117,687","3,479,399","548,923","2,928,421","2,055","638,288","637,591",601,96,"702,454","678,476","183,177","25,705","469,594","23,978"
May 2006,"7,628,902","2,865,733","2,451,881","369,350","1,989,709","92,822","413,852","351,384","43,403","19,065","3,951,064","3,451,196","462,682","2,963,501","25,013","499,868","498,054",803,"1,011","812,105","782,192","189,535","75,413","517,244","29,913"
June 2006,"8,135,549","3,755,910","3,227,016","515,175","2,534,485","177,356","528,894","448,393","56,420","24,081","3,550,249","3,122,577","347,136","2,757,174","18,267","427,672","426,430",316,926,"829,390","800,291","221,291","97,659","481,341","29,099"
July 2006,"10,254,150","4,805,944","4,137,848","542,723","3,355,008","240,117","668,096","565,945","78,997","23,154","4,701,909","4,192,098","371,733","3,789,245","31,120","509,811","506,879",434,"2,498","746,297","718,718","180,113","114,043","424,562","27,579"
August 2006,"10,177,794","4,380,312","3,768,710","508,342","3,041,700","218,668","611,602","509,309","82,131","20,162","4,962,030","4,367,805","417,658","3,920,809","29,338","594,225","591,409",376,"2,440","835,452","806,606","224,222","106,454","475,930","28,846"
September 2006,"7,784,303","3,182,245","2,648,309","394,837","2,084,142","169,330","533,936","443,784","59,299","30,853","3,812,855","3,327,268","389,138","2,911,940","26,190","485,587","483,468",480,"1,639","789,203","762,338","204,200","112,285","445,853","26,865"
October 2006,"6,694,273","2,331,097","1,991,814","314,871","1,626,273","50,670","339,283","293,785","38,620","6,878","3,643,289","3,207,459","458,427","2,744,975","4,057","435,830","434,899",376,555,"719,887","699,914","208,140","49,382","442,392","19,973"
November 2006,"6,041,560","1,855,101","1,657,936","253,380","1,403,946",610,"197,165","175,586","21,301",278,"3,513,462","3,097,504","479,332","2,617,944",228,"415,958","415,629",326,3,"672,997","653,851","202,936","24,326","426,589","19,146"
December 2006,"6,386,583","2,180,900","1,879,834","297,267","1,582,111",456,"301,066","279,940","20,786",340,"3,588,128","3,066,322","451,648","2,614,553",121,"521,806","521,730",72,4,"617,555","598,726","179,064","25,096","394,566","18,829"
January 2007,"5,966,864","1,561,001","1,353,963","210,382","1,143,393",188,"207,038","189,976","16,909",153,"3,744,272","2,877,375","569,567","2,307,662",146,"866,897","866,477",417,3,"661,591","646,548","195,253","23,010","428,285","15,043"
February 2007,"5,366,423","1,543,350","1,322,059","218,746","1,103,124",189,"221,291","204,310","16,807",174,"3,174,820","2,461,382","520,059","1,941,156",167,"713,438","712,915",523,0,"648,253","629,911","193,254","19,844","416,813","18,342"
March 2007,"6,954,987","1,821,188","1,564,138","253,364","1,310,321",453,"257,050","235,038","21,767",245,"4,382,972","3,502,511","663,396","2,838,875",240,"880,461","879,898",541,22,"750,827","728,427","214,288","22,356","491,783","22,400"
April 2007,"6,722,521","1,930,730","1,655,312","253,919","1,396,244","5,149","275,418","243,609","30,855",954,"4,101,662","3,408,943","573,835","2,833,589","1,519","692,719","691,808",687,224,"690,129","669,517","183,891","27,746","457,880","20,612"
May 2007,"7,460,557","2,653,574","2,235,259","357,747","1,776,576","100,936","418,315","346,892","45,776","25,647","4,006,055","3,461,038","489,269","2,941,649","30,120","545,017","543,420",673,924,"800,928","777,655","193,615","90,533","493,507","23,273"
June 2007,"8,101,847","3,594,044","3,034,207","493,540","2,345,162","195,505","559,837","473,597","58,096","28,144","3,717,996","3,256,545","364,025","2,868,357","24,163","461,451","460,116",431,904,"789,807","765,420","211,040","110,517","443,863","24,387"
July 2007,"9,965,798","4,370,709","3,675,726","522,321","2,928,889","224,516","694,983","597,315","75,068","22,600","4,847,479","4,313,720","392,060","3,887,793","33,867","533,759","531,151",490,"2,118","747,610","718,035","185,953","112,134","419,948","29,575"
August 2007,"10,410,713","4,237,180","3,611,684","501,722","2,885,486","224,476","625,496","522,000","80,808","22,688","5,350,819","4,693,036","450,859","4,207,422","34,755","657,783","655,456",186,"2,141","822,714","796,334","215,151","116,561","464,622","26,380"
September 2007,"7,984,935","2,986,680","2,438,850","381,428","1,870,048","187,374","547,830","451,735","62,711","33,384","4,233,202","3,711,791","417,487","3,258,937","35,367","521,411","520,413",121,877,"765,053","740,283","204,364","123,659","412,260","24,770"
October 2007,"7,222,257","2,185,303","1,840,328","315,276","1,463,961","61,091","344,975","296,613","39,687","8,675","4,286,349","3,804,551","489,583","3,307,485","7,483","481,798","481,499",260,39,"750,605","725,771","218,304","58,834","448,633","24,834"
November 2007,"6,607,605","1,649,240","1,437,897","242,004","1,195,118",775,"211,343","187,413","23,754",176,"4,283,994","3,811,668","522,190","3,289,142",336,"472,326","472,005",297,24,"674,371","654,901","201,832","26,123","426,946","19,470"
December 2007,"6,338,613","1,840,470","1,525,134","278,324","1,246,421",389,"315,336","288,551","26,312",473,"3,914,964","3,338,189","486,824","2,851,191",174,"576,775","576,276",495,4,"583,179","564,066","169,676","25,267","369,123","19,113"
January 2008,"6,141,424","1,380,869","1,162,479","198,782","963,554",143,"218,390","198,302","20,002",86,"4,106,736","3,172,026","619,980","2,551,879",167,"934,710","934,282",421,7,"653,819","636,867","192,990","24,408","419,469","16,952"
February 2008,"5,792,391","1,403,908","1,174,734","210,913","963,644",177,"229,174","210,930","18,030",214,"3,747,438","2,919,308","618,609","2,300,456",243,"828,130","827,495",632,3,"641,045","621,810","191,342","23,181","407,287","19,235"
March 2008,"7,345,613","1,591,223","1,333,329","244,021","1,088,973",335,"257,894","232,784","24,837",273,"5,082,331","4,089,421","751,267","3,337,649",505,"992,910","992,447",453,10,"672,059","648,724","190,275","24,071","434,378","23,335"
April 2008,"6,792,405","1,676,030","1,398,283","257,237","1,129,019","12,027","277,747","248,542","26,728","2,477","4,407,398","3,649,227","657,063","2,988,755","3,409","758,171","757,373",641,157,"708,977","686,053","199,014","32,734","454,305","22,924"
May 2008,"7,725,340","2,460,246","2,004,245","335,088","1,562,854","106,303","456,001","377,404","49,763","28,834","4,511,167","3,906,890","547,322","3,329,182","30,386","604,277","602,850",452,975,"753,927","729,258","192,864","93,229","443,165","24,669"
June 2008,"7,922,976","3,129,440","2,554,865","453,604","1,940,121","161,140","574,575","487,283","59,421","27,871","4,061,744","3,563,701","403,799","3,137,511","22,391","498,043","496,435",484,"1,124","731,792","706,403","201,485","101,911","403,007","25,389"
July 2008,"9,741,519","3,978,381","3,263,123","505,499","2,541,659","215,965","715,258","605,274","83,888","26,096","5,036,074","4,455,823","432,769","3,988,885","34,169","580,251","577,884",411,"1,956","727,064","697,147","187,051","110,627","399,469","29,917"
August 2008,"10,639,935","3,967,054","3,314,296","463,153","2,622,375","228,768","652,758","531,344","90,999","30,415","5,940,902","5,209,318","481,823","4,685,064","42,431","731,584","728,273",513,"2,798","731,979","708,640","191,196","119,102","398,342","23,339"
September 2008,"7,310,084","2,540,740","1,988,107","341,001","1,450,397","196,709","552,633","444,399","69,777","38,457","4,034,108","3,509,115","408,644","3,062,321","38,150","524,993","523,603",225,"1,165","735,236","712,124","195,780","132,054","384,290","23,112"
October 2008,"6,500,730","2,009,357","1,669,993","290,967","1,330,033","48,993","339,364","284,436","48,526","6,402","3,843,468","3,336,692","490,727","2,842,087","3,878","506,776","506,395",227,154,"647,905","626,194","194,437","45,800","385,957","21,711"
November 2008,"5,665,692","1,529,740","1,335,212","224,543","1,110,037",632,"194,528","169,935","24,191",402,"3,604,216","3,079,764","518,234","2,561,156",374,"524,452","524,117",327,8,"531,736","515,666","158,217","20,061","337,388","16,070"
December 2008,"5,567,937","1,703,121","1,406,979","281,041","1,125,668",270,"296,142","270,222","25,735",185,"3,361,675","2,721,960","489,850","2,231,992",118,"639,715","639,240",470,5,"503,141","486,398","146,387","21,096","318,915","16,743"
January 2009,"5,396,029","1,304,991","1,090,995","183,404","907,468",123,"213,996","189,981","23,933",82,"3,596,059","2,593,090","569,630","2,023,341",119,"1,002,969","1,002,405",562,2,"494,979","476,635","141,991","19,795","314,849","18,344"
February 2009,"5,208,347","1,328,062","1,120,662","190,547","929,894",221,"207,400","185,655","21,637",108,"3,388,321","2,532,238","562,168","1,969,864",206,"856,083","855,397",680,6,"491,964","474,228","144,009","18,400","311,819","17,736"
March 2009,"6,462,277","1,470,066","1,254,647","209,604","1,044,694",349,"215,419","188,126","27,078",215,"4,434,685","3,397,799","686,589","2,710,931",279,"1,036,886","1,036,657",226,3,"557,526","537,719","159,262","21,100","357,357","19,807"
April 2009,"6,296,219","1,717,551","1,436,777","228,177","1,204,628","3,972","280,774","246,443","31,924","2,407","4,040,644","3,247,186","605,233","2,640,466","1,487","793,458","792,770",492,196,"538,024","513,435","144,929","25,194","343,312","24,589"
May 2009,"6,932,194","2,344,314","1,973,221","284,979","1,568,327","119,915","371,093","301,304","44,797","24,992","3,995,488","3,422,532","483,152","2,903,711","35,669","572,956","571,570",444,942,"592,392","568,059","141,074","93,414","333,571","24,333"
June 2009,"6,528,112","2,629,037","2,147,353","401,288","1,555,581","190,484","481,684","405,749","51,892","24,043","3,275,847","2,798,224","358,146","2,412,797","27,281","477,623","476,324",403,896,"623,228","597,429","159,805","107,546","330,078","25,799"
July 2009,"8,464,365","3,513,120","2,895,195","479,542","2,199,093","216,560","617,925","514,191","78,949","24,785","4,310,683","3,730,690","397,935","3,295,593","37,162","579,993","578,051",470,"1,472","640,562","614,300","158,773","112,362","343,165","26,262"
August 2009,"9,308,825","3,339,370","2,782,090","418,104","2,143,024","220,962","557,280","448,194","85,247","23,839","5,310,675","4,589,836","500,293","4,046,023","43,520","720,839","718,526",464,"1,849","658,780","638,041","170,457","116,567","351,017","20,739"
September 2009,"6,999,715","2,416,355","1,947,875","333,397","1,423,211","191,267","468,480","372,574","60,720","35,186","3,908,953","3,358,341","424,395","2,894,956","38,990","550,612","549,001",363,"1,248","674,407","656,041","176,974","125,190","353,877","18,366"
October 2009,"6,142,228","1,772,354","1,461,206","268,002","1,146,031","47,173","311,148","257,456","40,851","12,841","3,758,844","3,255,637","510,543","2,740,560","4,534","503,207","502,733",222,252,"611,030","591,968","179,660","51,972","360,336","19,062"
November 2009,"5,591,215","1,303,502","1,128,469","210,814","915,422","2,233","175,033","150,174","23,920",939,"3,746,349","3,239,376","530,357","2,708,545",474,"506,973","506,734",223,16,"541,364","525,631","161,651","24,089","339,891","15,733"
December 2009,"5,802,539","1,556,989","1,287,118","264,990","1,021,851",277,"269,871","241,512","28,201",158,"3,717,516","3,089,199","528,427","2,560,595",177,"628,317","627,879",423,15,"528,034","515,079","154,962","22,216","337,901","12,955"
January 2010,"5,862,727","1,244,702","1,045,322","178,505","866,690",127,"199,380","176,118","23,170",92,"4,087,531","3,092,336","638,197","2,454,010",129,"995,195","994,507",687,1,"530,494","516,612","156,012","25,214","335,386","13,882"
February 2010,"5,547,238","1,372,605","1,152,076","201,918","949,854",304,"220,529","195,627","24,771",131,"3,640,639","2,805,243","610,154","2,194,833",256,"835,396","834,774",618,4,"533,994","518,345","162,107","21,844","334,394","15,649"
March 2010,"7,086,612","1,460,609","1,220,989","232,897","987,730",362,"239,620","202,951","36,473",196,"4,997,382","3,987,507","753,262","3,233,919",326,"1,009,875","1,008,939",931,5,"628,621","608,159","183,015","22,990","402,154","20,462"
April 2010,"7,034,873","1,633,037","1,365,298","241,057","1,119,099","5,142","267,739","225,534","39,838","2,367","4,798,142","3,967,980","699,550","3,266,379","2,051","830,162","829,304",586,272,"603,694","583,804","169,260","27,209","387,335","19,890"
May 2010,"7,569,818","2,187,652","1,786,776","291,932","1,407,412","87,432","400,876","315,596","60,962","24,318","4,733,013","4,080,181","597,442","3,457,426","25,313","652,832","651,141",712,979,"649,153","627,481","168,355","76,073","383,053","21,672"
June 2010,"7,652,152","2,893,275","2,357,460","438,906","1,753,382","165,172","535,815","442,904","67,855","25,056","4,056,946","3,523,454","444,340","3,060,723","18,391","533,492","532,219",341,932,"701,931","675,323","195,437","96,645","383,241","26,608"
July 2010,"9,898,301","3,830,921","3,165,878","487,156","2,459,632","219,090","665,043","545,692","95,369","23,982","5,388,379","4,745,877","476,289","4,236,182","33,406","642,502","640,161",516,"1,825","679,001","650,949","175,651","111,562","363,736","28,052"
August 2010,"10,249,456","3,491,727","2,869,457","437,970","2,230,572","200,915","622,270","499,345","99,408","23,517","6,064,316","5,313,264","536,647","4,739,172","37,445","751,052","747,743",553,"2,756","693,413","669,806","187,900","106,367","375,539","23,607"
September 2010,"7,757,369","2,553,089","2,044,834","349,420","1,515,999","179,415","508,255","399,738","62,200","46,317","4,516,627","3,902,461","481,108","3,387,716","33,637","614,166","612,513",580,"1,073","687,653","666,029","185,891","122,238","357,900","21,624"
October 2010,"7,073,561","1,930,151","1,600,191","300,888","1,246,160","53,143","329,960","279,572","36,968","13,420","4,533,948","3,937,499","573,960","3,357,294","6,245","596,449","596,038",178,233,"609,462","590,305","184,236","52,476","353,593","19,157"
November 2010,"6,332,871","1,397,497","1,214,303","240,883","972,909",511,"183,194","159,163","23,779",252,"4,385,118","3,811,008","588,956","3,221,646",406,"574,110","573,509",558,43,"550,256","532,613","163,798","24,007","344,808","17,643"
December 2010,"6,586,077","1,625,927","1,342,974","268,488","1,074,279",207,"282,953","255,102","27,670",181,"4,436,865","3,755,179","571,402","3,183,622",155,"681,686","680,324","1,339",23,"523,285","508,838","156,076","24,462","328,300","14,447"
January 2011,"6,313,755","1,205,792","997,427","193,304","803,987",136,"208,365","185,091","23,149",125,"4,570,938","3,503,674","682,657","2,820,717",300,"1,067,264","1,066,520",738,6,"537,025","525,805","162,511","22,662","340,632","11,220"
February 2011,"5,838,169","1,193,439","998,865","188,555","810,154",156,"194,574","174,942","19,541",91,"4,127,856","3,238,595","647,969","2,590,385",241,"889,261","888,799",458,4,"516,874","503,817","156,844","20,579","326,394","13,057"
March 2011,"7,512,050","1,356,547","1,143,531","239,546","903,770",215,"213,016","187,673","25,206",137,"5,520,578","4,446,929","831,484","3,615,223",222,"1,073,649","1,072,916",732,1,"634,925","617,184","185,115","24,333","407,736","17,741"
April 2011,"7,672,955","1,611,380","1,322,884","239,970","1,079,854","3,060","288,496","253,979","33,447","1,070","5,478,100","4,583,046","769,529","3,811,524","1,993","895,054","894,060",778,216,"583,475","564,193","163,580","25,988","374,625","19,282"
May 2011,"8,112,303","2,136,897","1,726,071","327,090","1,318,601","80,380","410,826","333,527","51,851","25,448","5,329,477","4,632,761","635,854","3,968,058","28,849","696,716","695,857",858,1,"645,929","621,757","170,025","78,872","372,860","24,172"
June 2011,"8,271,291","2,906,869","2,362,694","458,160","1,726,438","178,096","544,175","451,497","62,930","29,748","4,683,070","4,126,786","481,138","3,626,735","18,913","556,284","555,742",530,12,"681,352","658,151","185,491","105,028","367,632","23,201"
July 2011,"10,507,511","3,776,101","3,092,497","488,307","2,383,512","220,678","683,604","565,931","90,714","26,959","6,068,104","5,410,178","540,945","4,830,954","38,279","657,926","655,306",538,"2,082","663,306","638,077","172,167","112,191","353,719","25,229"
August 2011,"10,805,478","3,373,611","2,750,521","429,738","2,116,270","204,513","623,090","504,348","91,843","26,899","6,717,658","5,941,109","606,107","5,297,328","37,674","776,549","773,232",713,"2,604","714,209","692,996","196,328","109,846","386,822","21,213"
September 2011,"8,289,840","2,533,444","2,004,386","360,545","1,476,419","167,422","529,058","419,383","65,996","43,679","5,070,745","4,432,251","535,042","3,868,669","28,540","638,494","636,037",646,"1,811","685,651","667,719","190,524","114,000","363,195","17,932"
October 2011,"7,363,583","1,872,151","1,539,196","294,346","1,192,222","52,628","332,955","282,589","39,548","10,818","4,886,801","4,297,586","598,754","3,693,317","5,515","589,215","588,638",407,170,"604,631","587,790","185,668","50,561","351,561","16,841"
November 2011,"6,640,066","1,397,947","1,206,157","236,516","968,814",827,"191,790","167,709","23,971",110,"4,674,838","4,096,983","611,568","3,485,119",296,"577,855","577,348",506,1,"567,281","550,891","174,601","21,651","354,639","16,390"
December 2011,"7,028,125","1,701,964","1,399,238","264,323","1,134,517",398,"302,726","274,979","27,627",120,"4,782,351","4,092,197","587,419","3,504,643",135,"690,154","689,543",606,5,"543,810","525,135","162,657","23,061","339,417","18,675"
January 2012,"6,666,842","1,229,844","1,011,258","195,813","815,191",254,"218,586","194,874","23,481",231,"4,879,547","3,768,389","734,872","3,033,350",167,"1,111,158","1,110,556",602,0,"557,451","541,562","171,374","22,692","347,496","15,889"
February 2012,"6,529,774","1,300,647","1,086,661","207,441","879,068",152,"213,986","189,821","24,068",97,"4,659,974","3,701,887","714,215","2,987,384",288,"958,087","957,704",383,0,"569,153","553,783","176,309","20,162","357,312","15,370"
March 2012,"8,076,235","1,453,396","1,204,701","241,129","962,689",883,"248,695","219,507","29,059",129,"5,988,915","4,838,700","877,151","3,961,127",422,"1,150,215","1,149,428",779,8,"633,924","613,275","186,597","22,844","403,834","20,649"
April 2012,"7,975,366","1,647,167","1,358,810","259,391","1,094,894","4,525","288,357","254,524","32,135","1,698","5,724,399","4,778,448","784,211","3,992,125","2,112","945,951","944,880",702,369,"603,800","583,079","176,554","27,091","379,434","20,721"
May 2012,"8,201,085","2,181,573","1,773,546","327,227","1,366,019","80,300","408,027","332,522","51,125","24,380","5,328,128","4,629,794","620,651","3,973,653","35,490","698,334","697,018",546,770,"691,384","667,462","186,780","77,957","402,725","23,922"
June 2012,"8,657,372","3,012,675","2,460,785","460,220","1,803,849","196,716","551,890","458,091","65,915","27,884","4,936,505","4,341,499","488,233","3,826,797","26,469","595,006","593,532",464,"1,010","708,192","682,426","198,945","109,696","373,785","25,766"
July 2012,"10,590,922","3,615,870","2,937,103","481,084","2,243,506","212,513","678,767","549,771","101,885","27,111","6,299,171","5,618,172","535,594","5,043,808","38,770","680,999","678,120",468,"2,411","675,881","653,066","183,385","110,569","359,112","22,815"
August 2012,"11,261,481","3,525,676","2,904,385","459,300","2,236,339","208,746","621,291","494,058","100,013","27,220","7,002,748","6,191,508","607,054","5,545,058","39,396","811,240","807,552",595,"3,093","733,057","703,818","201,641","111,739","390,438","29,239"
September 2012,"8,579,873","2,474,048","1,956,234","358,751","1,421,451","176,032","517,814","395,458","75,396","46,960","5,428,020","4,758,845","530,272","4,193,684","34,889","669,175","666,841",636,"1,698","677,805","654,064","187,646","123,293","343,125","23,741"
October 2012,"7,471,653","1,818,448","1,479,563","307,610","1,119,636","52,317","338,885","282,427","46,787","9,671","5,011,008","4,409,895","616,491","3,785,650","7,754","601,113","597,016",622,"3,475","642,197","622,739","200,574","55,566","366,599","19,458"
November 2012,"6,825,006","1,381,083","1,180,601","228,422","951,009","1,170","200,482","171,569","28,621",292,"4,868,502","4,264,886","625,507","3,639,033",346,"603,616","602,932",665,19,"575,421","558,645","178,738","22,355","357,552","16,776"
December 2012,"7,246,299","1,677,519","1,365,536","285,748","1,079,429",359,"311,983","280,128","31,703",152,"5,051,731","4,306,702","620,434","3,686,079",189,"745,029","744,233",789,7,"517,049","498,567","156,008","23,828","318,731","18,482"
January 2013,"6,799,945","1,215,381","1,002,423","198,202","804,093",128,"212,958","186,506","26,387",65,"5,006,112","3,954,853","747,132","3,207,616",105,"1,051,259","1,050,201","1,056",2,"578,452","561,215","178,121","21,923","361,171","17,237"
February 2013,"6,428,014","1,222,836","1,002,375","202,533","799,720",122,"220,461","195,457","24,494",510,"4,660,669","3,754,001","730,297","3,023,509",195,"906,668","906,043",625,0,"544,509","528,325","173,120","19,720","335,485","16,184"
March 2013,"8,370,101","1,503,770","1,242,520","248,748","993,400",372,"261,250","229,315","31,769",166,"6,253,761","5,112,463","912,066","4,199,869",528,"1,141,298","1,140,221","1,074",3,"612,570","590,939","184,818","22,942","383,179","21,631"
April 2013,"7,714,408","1,500,208","1,222,123","255,990","961,648","4,485","278,085","243,234","34,057",794,"5,592,842","4,646,596","828,344","3,816,388","1,864","946,246","945,072",912,262,"621,358","600,497","182,925","26,074","391,498","20,861"
May 2013,"8,386,692","2,189,503","1,764,126","347,838","1,325,070","91,218","425,377","348,007","54,805","22,565","5,497,336","4,784,190","656,710","4,097,354","30,126","713,146","711,493",755,898,"699,853","677,253","189,601","81,718","405,934","22,600"
June 2013,"8,782,859","2,972,332","2,410,134","485,499","1,732,431","192,204","562,198","463,693","68,647","29,858","5,119,513","4,522,572","512,186","3,982,804","27,582","596,941","595,644",560,737,"691,014","666,273","192,952","110,686","362,635","24,741"
July 2013,"10,584,985","3,614,835","2,928,974","529,889","2,182,614","216,471","685,861","569,826","89,101","26,934","6,286,640","5,601,165","563,933","4,996,742","40,490","685,475","683,243",410,"1,822","683,510","662,186","184,171","113,504","364,511","21,324"
August 2013,"11,497,709","3,659,252","2,982,504","493,849","2,267,487","221,168","676,748","544,155","100,389","32,204","7,121,378","6,276,556","641,450","5,588,038","47,068","844,822","842,030",651,"2,141","717,079","695,506","192,957","121,343","381,206","21,573"
September 2013,"8,399,893","2,404,546","1,869,616","384,289","1,329,490","155,837","534,930","420,219","72,184","42,527","5,325,054","4,647,280","559,831","4,047,781","39,668","677,774","676,209",572,993,"670,293","649,936","186,344","115,441","348,151","20,357"
October 2013,"7,528,478","1,851,349","1,510,038","315,637","1,146,773","47,628","341,311","284,607","49,065","7,639","5,037,365","4,423,256","633,441","3,784,829","4,986","614,109","613,375",467,267,"639,764","622,214","200,958","47,464","373,792","17,550"
November 2013,"6,874,619","1,393,804","1,184,933","239,724","944,143","1,066","208,871","178,526","30,064",281,"4,912,469","4,259,030","662,978","3,595,742",310,"653,439","653,011",397,31,"568,346","552,074","178,035","23,680","350,359","16,272"
December 2013,"7,143,218","1,639,199","1,315,563","293,521","1,021,564",478,"323,636","292,351","30,784",501,"4,984,693","4,226,369","654,290","3,571,908",171,"758,324","757,788",531,5,"519,326","500,889","156,856","25,223","318,810","18,437"
January 2014,"6,631,276","1,189,185","953,524","201,965","751,461",98,"235,661","208,763","26,824",74,"4,883,691","3,761,567","760,867","3,000,522",178,"1,122,124","1,121,395",728,1,"558,400","542,819","170,443","23,934","348,442","15,581"
February 2014,"6,154,845","1,188,099","965,268","206,159","758,998",111,"222,831","198,920","23,834",77,"4,428,838","3,460,438","769,379","2,690,902",157,"968,400","967,995",404,1,"537,908","521,645","167,049","20,034","334,562","16,263"
March 2014,"7,835,129","1,355,674","1,113,080","252,290","860,447",343,"242,594","211,400","31,021",173,"5,870,033","4,653,998","940,687","3,713,016",295,"1,216,035","1,215,070",964,1,"609,422","587,014","182,088","23,033","381,893","22,408"
April 2014,"7,777,514","1,615,335","1,291,033","277,585","1,008,496","4,952","324,302","280,837","42,245","1,220","5,561,387","4,568,679","814,538","3,752,588","1,553","992,708","991,835",689,184,"600,792","580,709","174,147","25,263","381,299","20,083"
May 2014,"8,418,346","2,264,944","1,796,721","387,360","1,314,752","94,609","468,223","368,405","72,650","27,168","5,475,163","4,661,694","695,485","3,933,264","32,945","813,469","812,253",616,600,"678,239","655,581","177,434","86,835","391,312","22,658"
June 2014,"8,788,993","3,004,316","2,384,427","533,777","1,684,279","166,371","619,889","506,218","83,334","30,337","5,089,000","4,415,870","530,751","3,858,520","26,599","673,130","672,140",437,553,"695,677","664,078","191,119","105,824","367,135","31,599"
July 2014,"10,405,266","3,687,564","2,914,109","580,605","2,149,652","183,852","773,455","636,637","107,586","29,232","6,014,635","5,256,929","557,238","4,664,281","35,410","757,706","754,993",972,"1,741","703,067","674,512","185,529","108,857","380,126","28,555"
August 2014,"11,507,879","3,750,119","2,984,275","524,644","2,260,002","199,629","765,844","612,393","120,911","32,540","7,058,564","6,107,315","651,906","5,410,680","44,729","951,249","948,869",572,"1,808","699,196","671,534","182,986","116,193","372,355","27,662"
September 2014,"8,213,823","2,455,033","1,859,587","413,045","1,288,477","158,065","595,446","455,347","92,185","47,914","5,070,167","4,330,689","566,026","3,728,497","36,166","739,478","738,359",374,745,"688,623","668,288","186,897","118,100","363,291","20,335"
October 2014,"7,447,029","1,951,935","1,561,984","344,274","1,164,490","53,220","389,951","320,972","60,602","8,377","4,854,715","4,164,134","649,840","3,505,182","9,112","690,581","688,852",291,"1,438","640,379","623,144","193,398","52,284","377,462","17,235"
November 2014,"6,604,874","1,370,006","1,144,248","254,339","888,486","1,423","225,758","194,937","30,074",747,"4,696,694","3,952,744","675,339","3,276,131","1,274","743,950","743,305",512,133,"538,174","520,858","161,358","23,852","335,648","17,316"
December 2014,"7,004,020","1,725,804","1,377,156","314,794","1,061,954",408,"348,648","316,772","31,664",212,"4,734,000","3,890,368","664,571","3,225,672",125,"843,632","843,289",296,47,"544,216","530,033","158,942","24,305","346,786","14,183"
January 2015,"6,453,817","1,260,127","1,018,877","215,393","803,338",146,"241,250","214,228","26,948",74,"4,646,733","3,429,575","799,317","2,630,092",166,"1,217,158","1,216,816",341,1,"546,957","534,088","163,000","22,935","348,153","12,869"
February 2015,"5,830,111","1,255,498","1,004,172","221,476","782,435",261,"251,326","226,732","24,514",80,"4,051,906","3,023,370","776,652","2,246,459",259,"1,028,536","1,028,325",203,8,"522,707","508,482","155,576","20,030","332,876","14,225"
March 2015,"7,434,298","1,448,210","1,183,579","270,023","911,841","1,715","264,631","234,459","29,935",237,"5,381,225","4,065,897","928,641","3,135,350","1,906","1,315,328","1,314,821",491,16,"604,863","586,349","171,890","24,064","390,395","18,514"
April 2015,"7,288,754","1,687,028","1,366,855","302,288","1,055,213","9,354","320,173","276,827","41,900","1,446","5,010,400","3,913,648","831,565","3,074,730","7,353","1,096,752","1,095,593","1,048",111,"591,326","571,400","163,626","29,403","378,371","19,926"
May 2015,"8,085,646","2,453,533","1,945,998","412,512","1,425,436","108,050","507,535","402,923","75,297","29,315","4,976,433","4,065,567","652,724","3,382,375","30,468","910,866","909,234",375,"1,257","655,680","636,031","166,934","91,171","377,926","19,649"
June 2015,"8,369,947","3,306,450","2,654,034","576,978","1,896,320","180,736","652,416","535,109","85,741","31,566","4,373,333","3,641,151","490,507","3,133,116","17,528","732,182","731,244",355,583,"690,164","661,806","179,707","107,183","374,916","28,358"
July 2015,"10,148,968","4,083,433","3,247,114","622,153","2,415,230","209,731","836,319","684,310","117,339","34,670","5,372,443","4,520,721","542,140","3,943,691","34,890","851,722","849,088",356,"2,278","693,092","660,856","171,524","115,408","373,924","32,236"
August 2015,"10,346,459","3,801,481","3,025,954","558,883","2,261,423","205,648","775,527","615,902","123,568","36,057","5,839,290","4,739,134","604,748","4,094,939","39,447","1,100,156","1,097,375",312,"2,469","705,688","672,739","178,355","120,126","374,258","32,949"
September 2015,"7,742,339","2,789,062","2,141,658","429,431","1,545,325","166,902","647,404","508,453","90,279","48,672","4,252,128","3,453,056","528,082","2,891,593","33,381","799,072","797,812",337,923,"701,149","666,956","178,845","120,671","367,440","34,193"
October 2015,"6,820,213","2,073,074","1,667,215","361,001","1,255,873","50,341","405,859","334,754","63,000","8,105","4,113,548","3,307,043","595,191","2,702,205","9,647","806,505","806,227",210,68,"633,591","607,762","181,691","53,734","372,337","25,829"
November 2015,"6,054,215","1,510,420","1,277,052","275,818","999,179","2,055","233,368","199,379","31,532","2,457","3,981,073","3,177,780","645,772","2,529,396","2,612","803,293","803,130",140,23,"562,722","538,679","158,815","28,046","351,818","24,043"
December 2015,"6,414,415","1,886,627","1,525,352","336,706","1,186,795","1,851","361,275","328,308","32,662",305,"3,972,182","3,067,459","600,227","2,465,962","1,270","904,723","904,470",241,12,"555,606","525,929","148,406","29,330","348,193","29,677"
January 2016,"6,223,853","1,410,197","1,145,168","240,179","904,807",182,"265,029","237,403","27,574",52,"4,256,654","2,922,914","716,712","2,206,077",125,"1,333,740","1,333,517",223,0,"557,002","527,363","152,832","25,754","348,777","29,639"
February 2016,"5,739,888","1,479,870","1,208,277","281,922","926,044",311,"271,593","245,400","26,091",102,"3,692,913","2,576,508","705,119","1,871,198",191,"1,116,405","1,116,185",220,0,"567,105","537,175","159,745","24,040","353,390","29,930"
March 2016,"7,147,080","1,722,059","1,426,637","331,884","1,093,283","1,470","295,422","261,356","33,957",109,"4,798,376","3,470,015","848,250","2,621,310",455,"1,328,361","1,327,852",509,0,"626,645","601,808","170,767","26,485","404,556","24,837"
April 2016,"6,940,242","1,848,966","1,507,640","341,987","1,150,243","15,410","341,326","297,591","41,256","2,479","4,475,783","3,335,607","755,725","2,570,820","9,062","1,140,176","1,139,657",296,223,"615,493","588,301","162,299","35,637","390,365","27,192"
May 2016,"7,822,942","2,584,792","2,056,876","462,286","1,478,142","116,448","527,916","421,027","73,014","33,875","4,552,037","3,622,055","642,386","2,948,259","31,410","929,982","928,958",392,632,"686,113","662,384","167,952","97,071","397,361","23,729"
June 2016,"8,190,937","3,487,950","2,757,286","661,795","1,904,936","190,555","730,664","612,694","83,786","34,184","3,989,742","3,276,766","503,939","2,754,726","18,101","712,976","711,668",246,"1,062","713,245","685,363","181,494","112,817","391,052","27,882"
July 2016,"10,329,067","4,562,023","3,585,256","727,463","2,627,533","230,260","976,767","820,924","117,542","38,301","5,060,979","4,193,491","538,517","3,623,153","31,821","867,488","865,051",195,"2,242","706,065","672,518","168,629","124,990","378,899","33,547"
August 2016,"10,418,544","4,020,786","3,112,184","622,230","2,297,870","192,084","908,602","752,996","120,944","34,662","5,649,050","4,568,718","633,462","3,901,299","33,957","1,080,332","1,077,683",272,"2,377","748,708","715,539","190,450","113,277","411,812","33,169"
September 2016,"8,209,474","3,078,069","2,343,198","524,710","1,632,221","186,267","734,871","591,869","89,704","53,298","4,399,416","3,523,793","558,566","2,931,599","33,628","875,623","873,890",372,"1,361","731,989","705,047","185,384","131,257","388,406","26,942"
October 2016,"7,166,508","2,273,851","1,785,403","413,400","1,303,648","68,355","488,448","408,252","66,406","13,790","4,263,376","3,418,760","639,823","2,766,331","12,606","844,616","844,252",175,189,"629,281","609,964","173,755","65,957","370,252","19,317"
November 2016,"6,104,302","1,647,733","1,375,198","313,513","1,059,558","2,127","272,535","240,206","32,105",224,"3,884,291","3,075,251","662,266","2,412,593",392,"809,040","808,804",216,20,"572,278","553,865","158,831","27,092","367,942","18,413"
December 2016,"6,525,458","2,025,995","1,592,262","387,935","1,203,973",354,"433,733","400,269","33,325",139,"3,956,751","3,005,257","641,787","2,363,368",102,"951,494","951,213",277,4,"542,712","518,151","145,940","26,622","345,589","24,561"
January 2017,"6,464,176","1,478,918","1,164,610","271,319","893,109",182,"314,308","285,516","28,696",96,"4,411,017","3,050,181","783,361","2,266,722",98,"1,360,836","1,360,588",248,0,"574,241","551,093","156,717","26,111","368,265","23,148"
February 2017,"5,888,435","1,467,119","1,170,713","272,021","898,333",359,"296,406","270,805","25,526",75,"3,878,825","2,715,331","740,680","1,974,461",190,"1,163,494","1,163,291",166,37,"542,491","520,316","145,067","22,647","352,602","22,175"
March 2017,"7,211,792","1,670,640","1,344,621","344,104","999,913",604,"326,019","295,550","30,396",73,"4,900,730","3,486,332","934,527","2,551,574",231,"1,414,398","1,413,970",397,31,"640,422","612,189","164,721","25,361","422,107","28,233"
April 2017,"7,455,154","2,054,513","1,613,774","383,922","1,214,537","15,315","440,739","396,800","41,353","2,586","4,806,137","3,610,389","846,231","2,755,395","8,763","1,195,748","1,195,379",356,13,"594,504","569,464","139,783","35,307","394,374","25,040"
May 2017,"7,659,657","2,596,495","2,023,086","476,739","1,442,417","103,930","573,409","476,400","66,368","30,641","4,320,313","3,368,380","668,912","2,672,385","27,083","951,933","951,030",392,511,"742,849","710,020","127,840","94,105","488,075","32,829"
June 2017,"8,548,691","3,709,288","2,912,046","728,064","1,980,577","203,405","797,242","670,614","85,321","41,307","4,057,972","3,260,986","607,941","2,636,767","16,278","796,986","796,357",244,385,"781,431","744,507","128,073","123,930","492,504","36,924"
July 2017,"10,432,194","4,569,810","3,558,512","739,458","2,606,074","212,980","1,011,298","870,296","103,814","37,188","5,126,696","4,250,935","643,064","3,580,887","26,984","875,761","875,076",193,492,"735,688","698,886","115,962","130,892","452,032","36,802"
August 2017,"10,807,268","4,192,405","3,249,568","668,893","2,381,313","199,362","942,837","795,519","109,131","38,187","5,803,114","4,720,186","701,956","3,987,240","30,990","1,082,928","1,079,822",373,"2,733","811,749","771,856","132,195","130,075","509,586","39,893"
September 2017,"8,538,863","3,179,035","2,396,044","522,363","1,663,586","210,095","782,991","626,617","91,289","65,085","4,579,243","3,699,710","648,057","3,018,741","32,912","879,533","876,873",383,"2,277","780,585","742,972","113,879","158,171","470,922","37,613"
October 2017,"7,428,132","2,353,870","1,825,062","450,784","1,300,204","74,074","528,808","449,714","60,281","18,813","4,377,736","3,576,607","737,245","2,826,438","12,924","801,129","800,711",193,225,"696,526","663,691","112,243","79,099","472,349","32,835"
November 2017,"6,533,512","1,734,543","1,422,079","361,803","1,060,011",265,"312,464","271,845","40,221",398,"4,146,473","3,342,409","791,885","2,550,252",272,"804,064","803,848",193,23,"652,496","621,362","109,724","34,399","477,239","31,134"
December 2017,"6,892,416","2,074,307","1,614,905","399,640","1,215,214",51,"459,402","425,964","33,305",133,"4,223,256","3,313,254","746,789","2,566,431",34,"910,002","909,725",266,11,"594,853","553,839","100,122","35,064","418,653","41,014"
January 2018,"6,588,511","1,466,125","1,146,690","289,486","857,092",112,"319,435","293,447","25,939",49,"4,479,356","3,206,391","872,392","2,333,912",87,"1,272,965","1,272,541",420,4,"643,030","591,511","111,932","32,321","447,258","51,519"
February 2018,"6,227,230","1,526,261","1,186,593","296,703","889,718",172,"339,668","313,935","25,658",75,"4,093,456","2,984,793","852,060","2,132,580",153,"1,108,663","1,108,340",310,13,"607,513","569,864","109,262","28,294","432,308","37,649"
March 2018,"8,020,709","1,861,503","1,495,019","367,360","1,127,271",388,"366,484","334,015","32,261",208,"5,454,152","4,066,474","1,039,645","3,026,524",305,"1,387,678","1,387,211",463,4,"705,054","658,286","119,293","33,984","505,009","46,768"
April 2018,"7,595,728","1,815,466","1,437,650","354,384","1,070,433","12,833","377,816","336,315","37,054","4,447","5,082,887","3,893,105","956,969","2,929,605","6,531","1,189,782","1,189,529",0,253,"697,375","644,022","116,070","47,106","480,846","53,353"
May 2018,"8,227,580","2,611,707","2,015,515","442,218","1,467,447","105,850","596,192","484,560","76,547","35,085","4,850,987","3,929,861","774,033","3,127,170","28,658","921,126","919,877",0,"1,249","764,886","728,582","124,076","102,871","501,635","36,304"
June 2018,"8,912,201","3,793,446","2,982,857","669,864","2,098,785","214,208","810,589","682,862","87,533","40,194","4,320,313","3,568,775","616,354","2,933,618","18,803","751,538","750,912",0,626,"798,442","745,837","123,842","134,813","487,182","52,605"
July 2018,"10,453,482","4,515,377","3,522,169","707,609","2,594,853","219,707","993,208","831,780","125,648","35,780","5,175,972","4,298,575","652,977","3,616,981","28,617","877,397","875,141",0,"2,256","762,133","708,950","118,231","131,801","458,918","53,183"
August 2018,"10,921,354","4,357,766","3,402,996","655,554","2,525,958","221,484","954,770","769,361","144,927","40,482","5,747,758","4,674,799","736,841","3,901,715","36,243","1,072,959","1,070,515",0,"2,444","815,830","762,543","127,023","136,232","499,288","53,287"
September 2018,"8,369,374","3,101,010","2,319,196","512,183","1,609,931","197,082","781,814","629,486","87,204","65,124","4,497,527","3,629,642","687,699","2,909,266","32,677","867,885","866,247",0,"1,638","770,837","724,195","112,407","155,773","456,015","46,642"
October 2018,"7,375,417","2,330,091","1,795,847","435,419","1,291,330","69,098","534,244","431,362","89,886","12,996","4,323,663","3,551,483","798,215","2,742,215","11,053","772,180","771,706",0,474,"721,663","684,136","118,756","73,791","491,589","37,527"
November 2018,"6,405,234","1,750,313","1,435,666","351,665","1,083,634",367,"314,647","260,843","53,515",289,"4,029,660","3,241,304","838,853","2,402,231",220,"788,356","788,333",0,23,"625,261","600,118","104,480","31,197","464,441","25,143"
December 2018,"6,997,520","2,145,219","1,672,242","389,275","1,282,920",47,"472,977","412,237","60,593",147,"4,284,283","3,329,676","808,470","2,521,169",37,"954,607","954,587",0,20,"568,018","543,299","94,098","33,930","415,271","24,719"
January 2019,"6,460,003","1,492,214","1,140,166","281,378","858,662",126,"352,048","308,116","43,822",110,"4,356,374","3,035,434","904,756","2,130,547",131,"1,320,940","1,320,923",0,17,"611,415","582,048","102,709","32,405","446,934","29,367"
February 2019,"6,066,966","1,494,480","1,158,358","298,744","859,511",103,"336,122","294,190","41,845",87,"4,001,703","2,836,843","905,637","1,931,112",94,"1,164,860","1,164,857",0,3,"570,783","546,134","96,130","28,613","421,391","24,649"
March 2019,"7,916,982","1,803,565","1,457,330","366,667","1,089,374","1,289","346,235","296,522","49,274",439,"5,450,366","4,004,204","1,138,388","2,863,431","2,385","1,446,162","1,446,125",0,37,"663,051","631,859","109,691","34,962","487,206","31,192"
April 2019,"7,701,035","2,071,471","1,589,192","403,386","1,178,578","7,228","482,279","392,668","86,075","3,536","4,983,182","3,816,335","985,940","2,827,799","2,596","1,166,847","1,166,788",0,59,"646,382","613,594","105,027","39,894","468,673","32,788"
May 2019,"8,288,864","2,808,944","2,135,005","470,254","1,529,589","135,162","673,939","508,495","125,659","39,785","4,714,952","3,743,616","805,734","2,905,090","32,792","971,336","970,384",0,952,"764,968","730,768","118,185","119,966","492,617","34,200"
June 2019,"8,918,874","3,887,483","2,998,407","685,288","2,092,327","220,792","889,076","694,464","154,502","40,110","4,271,769","3,491,187","638,538","2,832,834","19,815","780,582","779,726",0,856,"759,622","724,544","112,848","142,790","468,906","35,078"
July 2019,"10,652,180","4,713,420","3,615,631","735,103","2,640,986","239,542","1,097,789","822,073","231,481","44,235","5,179,202","4,310,150","662,300","3,618,927","28,923","869,052","866,473",0,"2,579","759,558","724,679","110,625","146,885","467,169","34,879"
August 2019,"11,281,509","4,612,427","3,552,265","666,738","2,652,451","233,076","1,060,162","774,309","250,441","35,412","5,885,884","4,766,463","739,182","3,990,837","36,444","1,119,421","1,116,906",0,"2,515","783,198","747,559","113,910","143,161","490,488","35,639"
September 2019,"8,423,601","3,144,439","2,295,325","534,797","1,550,516","210,012","849,114","630,294","149,599","69,221","4,512,688","3,634,855","707,125","2,886,559","41,171","877,833","876,048",0,"1,785","766,474","731,045","108,064","165,558","457,423","35,429"
October 2019,"7,427,144","2,422,569","1,854,059","442,252","1,326,872","84,935","568,510","443,167","100,360","24,983","4,294,765","3,504,393","815,519","2,678,978","9,896","790,372","789,802",0,570,"709,810","677,695","107,538","85,848","484,309","32,115"
November 2019,"6,530,956","1,786,974","1,464,188","340,349","1,123,266",573,"322,786","268,041","54,358",387,"4,129,734","3,286,910","882,499","2,401,886","2,525","842,824","842,797",0,27,"614,248","587,583","96,836","32,451","458,296","26,665"
December 2019,"7,141,914","2,191,785","1,697,726","412,596","1,284,817",313,"494,059","431,874","62,057",128,"4,376,787","3,383,473","853,109","2,530,244",120,"993,314","993,236",0,78,"573,342","547,611","92,266","32,981","422,364","25,731"
January 2020,"6,603,221","1,567,317","1,201,690","283,023","918,575",92,"365,627","317,526","47,991",110,"4,430,895","3,069,835","936,866","2,132,891",78,"1,361,060","1,361,044",0,16,"605,009","578,548","96,589","31,315","450,644","26,461"
February 2020,"6,472,411","1,595,707","1,281,300","294,559","986,589",152,"314,407","276,966","37,275",166,"4,289,711","3,073,031","928,622","2,144,269",140,"1,216,680","1,216,680",0,0,"586,993","561,690","95,129","27,283","439,278","25,303"
March 2020,"4,599,473","760,252","610,781","138,668","471,980",133,"149,471","128,270","21,126",75,"3,258,227","2,237,531","699,131","1,538,185",215,"1,020,696","1,020,663",0,33,"580,994","562,728","94,178","23,385","445,165","18,266"
April 2020,"614,019","67,654","51,042","2,817","48,197",28,"16,612","12,076","4,513",23,"181,085","151,775","10,969","140,775",31,"29,310","29,301",0,9,"365,280","362,330","57,743","11,800","292,787","2,950"
May 2020,"678,617","86,362","72,078","3,710","68,280",88,"14,284","9,585","4,654",45,"195,637","169,316","9,573","159,648",95,"26,321","26,321",0,0,"396,618","392,887","59,880","12,470","320,537","3,731"
June 2020,"858,709","121,524","101,607","8,011","93,220",376,"19,917","15,641","4,161",115,"246,682","210,824","16,163","194,451",210,"35,858","35,851",0,7,"490,503","484,170","75,874","13,275","395,021","6,333"
July 2020,"944,343","141,772","113,414","11,028","102,027",359,"28,358","24,130","4,154",74,"287,015","233,672","26,156","207,192",324,"53,343","53,342",0,1,"515,556","504,346","76,047","15,730","412,569","11,210"
August 2020,"1,029,863","158,664","120,824","14,009","106,490",325,"37,840","33,092","4,709",39,"344,846","254,258","36,544","217,375",339,"90,588","90,586",0,2,"526,353","516,018","78,339","17,426","420,253","10,335"
September 2020,"1,010,470","147,777","112,980","12,296","100,402",282,"34,797","30,483","4,277",37,"324,815","250,399","32,322","217,801",276,"74,416","74,415",0,1,"537,878","529,039","78,247","16,661","434,131","8,839"
October 2020,"1,039,232","139,916","112,513","12,928","99,451",134,"27,403","23,366","4,026",11,"341,256","268,993","42,222","226,634",137,"72,263","72,262",0,1,"558,060","550,799","78,851","18,314","453,634","7,261"
November 2020,"961,840","127,159","98,444","14,112","84,283",49,"28,715","24,742","3,944",29,"325,853","252,607","54,473","198,069",65,"73,246","73,244",0,2,"508,828","501,745","71,564","17,144","413,037","7,083"
December 2020,"1,046,105","154,246","113,887","20,743","93,127",17,"40,359","36,636","3,716",7,"379,325","271,069","62,463","208,552",54,"108,256","108,252",0,4,"512,534","503,798","72,966","16,481","414,351","8,736"
January 2021,"1,047,375","120,921","86,456","11,487","74,962",7,"34,465","31,254","3,198",13,"425,521","264,999","72,649","192,318",32,"160,522","160,521",0,1,"500,933","491,956","72,474","15,417","404,065","8,977"
February 2021,"875,292","101,655","75,398","6,091","69,287",20,"26,257","22,825","3,411",21,"295,857","216,261","32,198","184,000",63,"79,596","79,596",0,0,"477,780","468,195","66,619","13,759","387,817","9,585"
March 2021,"1,002,245","123,583","95,943","4,450","91,445",48,"27,640","24,036","3,593",11,"305,700","256,854","18,870","237,884",100,"48,846","48,843",0,3,"572,962","564,708","81,892","15,249","467,567","8,254"
April 2021,"999,014","130,634","95,634","5,105","90,365",164,"35,000","31,579","3,405",16,"338,383","283,318","23,586","259,592",140,"55,065","55,064",0,1,"529,997","522,218","69,970","15,374","436,874","7,779"
May 2021,"1,027,393","140,287","113,451","5,625","107,208",618,"26,836","22,696","4,116",24,"363,228","311,849","28,189","283,359",301,"51,379","51,379",0,0,"523,878","516,165","68,602","17,102","430,461","7,713"
June 2021,"1,096,313","162,940","128,447","8,237","119,614",596,"34,493","29,341","5,075",77,"372,046","310,858","25,263","285,139",456,"61,188","61,184",0,4,"561,327","552,717","74,989","18,573","459,155","8,610"
July 2021,"1,339,476","258,469","194,799","37,113","157,251",435,"63,670","57,800","5,722",148,"535,100","393,797","93,199","300,171",427,"141,303","141,303",0,0,"545,907","533,012","68,814","21,568","442,630","12,895"
August 2021,"2,008,418","600,982","509,669","90,826","416,743","2,100","91,313","85,211","5,860",242,"847,856","506,130","170,043","335,714",373,"341,726","341,699",0,27,"559,580","547,163","73,050","21,196","452,917","12,417"
September 2021,"2,026,491","671,662","518,223","117,621","399,252","1,350","153,439","146,688","6,445",306,"788,341","474,741","175,704","298,613",424,"313,600","313,550",0,50,"566,488","550,423","70,929","22,518","456,976","16,065"
October 2021,"2,102,016","649,352","488,616","127,057","361,227",332,"160,736","154,460","5,962",314,"858,223","556,775","253,509","303,044",222,"301,448","301,399",0,49,"594,441","577,981","77,046","23,733","477,202","16,460"
November 2021,"2,296,178","560,271","439,089","121,562","317,449",78,"121,182","113,192","7,805",185,"1,152,740","785,838","324,867","460,839",132,"366,902","366,881",0,21,"583,167","568,278","73,065","23,756","471,457","14,889"
December 2021,"2,966,051","761,360","550,264","170,313","379,852",99,"211,096","200,266","10,684",146,"1,622,506","1,119,062","335,437","783,556",69,"503,444","503,416",0,28,"582,185","563,343","72,675","24,455","466,213","18,842"
January 2022,"2,050,193","298,217","218,558","57,701","160,707",150,"79,659","74,412","5,218",29,"1,153,819","690,166","261,143","428,880",143,"463,653","463,545",107,1,"598,157","500,680","55,274","23,171","422,235","97,477"
February 2022,"2,023,220","419,837","314,845","84,740","229,815",290,"104,992","99,375","5,551",66,"1,072,656","686,331","276,540","409,574",217,"386,325","386,253",68,4,"530,727","476,763","52,286","19,026","405,451","53,964"
March 2022,"3,313,540","614,160","465,235","145,457","319,098",680,"148,925","138,494","10,369",62,"2,022,744","1,337,777","549,331","788,127",319,"684,967","684,814",140,13,"676,636","612,149","66,654","24,773","520,722","64,487"
April 2022,"4,488,535","1,001,313","759,600","177,986","558,454","23,160","241,713","215,863","23,864","1,986","2,791,612","2,082,892","611,533","1,461,269","10,090","708,720","707,603",241,876,"695,610","603,538","63,201","46,663","493,674","92,072"
May 2022,"5,064,462","1,428,129","1,112,682","267,730","712,782","132,170","315,447","270,192","32,456","12,799","2,860,928","2,208,563","593,245","1,592,223","23,095","652,365","651,698",333,334,"775,405","679,988","69,653","114,503","495,832","95,417"
June 2022,"5,550,103","2,188,742","1,724,681","488,894","1,036,239","199,548","464,061","400,659","48,919","14,483","2,557,706","1,986,034","448,483","1,518,271","19,280","571,672","570,037",297,"1,338","803,655","713,386","72,064","127,595","513,727","90,269"
July 2022,"6,924,477","2,814,980","2,193,729","544,342","1,396,245","253,142","621,251","513,034","85,118","23,099","3,311,164","2,590,353","503,589","2,049,906","36,858","720,811","718,029",726,"2,056","798,333","697,374","67,297","151,814","478,263","100,959"
August 2022,"7,189,241","2,515,454","1,968,894","452,798","1,263,991","252,105","546,560","423,848","100,130","22,582","3,733,954","2,981,103","685,025","2,253,542","42,536","752,851","748,823","1,051","2,977","939,833","737,690","73,655","154,696","509,339","202,143"
September 2022,"5,922,830","2,029,087","1,560,470","394,645","947,905","217,920","468,617","368,135","60,386","40,096","2,993,624","2,454,950","720,137","1,697,525","37,288","538,674","536,684",672,"1,318","900,119","733,015","71,387","162,163","499,465","167,104"
October 2022,"5,776,387","1,755,938","1,388,757","313,318","964,263","111,176","367,181","287,408","62,203","17,570","3,269,764","2,778,994","867,608","1,888,710","22,676","490,770","489,198","1,258",314,"750,685","657,256","68,297","100,077","488,882","93,429"
November 2022,"5,016,599","1,268,343","1,036,655","253,459","768,230","14,966","231,688","195,390","34,939","1,359","3,085,203","2,576,282","947,860","1,619,412","9,010","508,921","507,538","1,350",33,"663,053","581,925","63,370","36,110","482,445","81,128"
December 2022,"5,363,297","1,589,448","1,221,069","314,029","891,140","15,900","368,379","329,467","38,023",889,"3,083,227","2,468,779","924,034","1,539,215","5,530","614,448","613,029","1,354",65,"690,622","540,605","59,765","32,980","447,860","150,017"
January 2023,"5,426,863","1,107,737","866,679","198,179","666,019","2,481","241,058","209,255","31,371",432,"3,596,215","2,744,340","1,107,843","1,633,224","3,273","851,875","850,204","1,652",19,"722,911","564,820","67,390","32,171","465,259","158,091"
February 2023,"5,113,477","1,200,979","945,125","220,099","719,647","5,379","255,854","229,341","26,030",483,"3,281,009","2,506,356","1,025,421","1,476,489","4,446","774,653","773,263","1,365",25,"631,489","541,121","65,132","30,130","445,859","90,368"
March 2023,"6,467,432","1,382,309","1,094,111","275,072","807,607","11,432","288,198","254,142","33,258",798,"4,325,838","3,340,318","1,324,037","2,008,241","8,040","985,520","982,201","3,298",21,"759,285","644,708","74,341","36,054","534,313","114,577"
April 2023,"6,493,036","1,674,026","1,300,810","290,091","967,742","42,977","373,216","312,906","54,639","5,671","4,070,307","3,194,372","1,115,878","2,062,250","16,244","875,935","870,630","3,766","1,539","748,703","607,858","70,131","56,291","481,436","140,845"
May 2023,"7,162,254","2,377,019","1,831,775","397,503","1,225,810","208,462","545,244","410,274","101,733","33,237","3,910,979","3,146,982","902,416","2,189,862","54,704","763,997","758,776","4,941",280,"874,256","749,942","81,208","151,305","517,429","124,314"
June 2023,"7,684,539","3,354,384","2,652,705","645,915","1,691,647","315,143","701,679","570,581","96,152","34,946","3,432,111","2,779,175","645,219","2,099,269","34,687","652,936","648,094","3,542","1,300","898,044","777,023","82,854","171,153","523,016","121,021"
July 2023,"9,335,041","3,998,113","3,130,621","676,825","2,109,728","344,068","867,492","677,101","154,226","36,165","4,467,778","3,710,779","699,943","2,959,442","51,394","756,999","750,962","3,627","2,410","869,150","733,437","79,444","172,811","481,182","135,713"
August 2023,"9,626,532","3,605,712","2,834,744","561,136","1,927,709","345,899","770,968","554,414","177,275","39,279","4,941,360","4,016,428","764,920","3,189,774","61,734","924,932","917,078","3,663","4,191","1,079,460","797,227","81,882","184,760","530,585","282,233"
September 2023,"7,669,581","2,857,225","2,174,918","466,328","1,399,829","308,761","682,307","518,422","112,159","51,726","3,857,853","3,078,088","714,734","2,310,135","53,219","779,765","773,409","3,595","2,761","954,503","768,401","73,050","189,017","506,334","186,102"
October 2023,"6,824,226","2,138,008","1,628,185","380,950","1,105,574","141,661","509,823","399,209","84,309","26,305","3,901,122","3,132,432","855,637","2,250,207","26,588","768,690","763,843","4,547",300,"785,096","685,368","74,170","110,053","501,145","99,728"
November 2023,"5,875,784","1,520,059","1,219,676","286,449","918,409","14,818","300,383","249,241","49,917","1,225","3,655,281","2,857,395","863,975","1,985,056","8,364","797,886","794,524","3,329",33,"700,444","610,088","69,002","38,658","502,428","90,356"
December 2023,"6,573,124","1,993,965","1,524,595","357,962","1,144,817","21,816","469,370","411,244","56,358","1,768","3,837,374","2,847,693","808,958","2,030,973","7,762","989,681","985,412","4,221",48,"741,785","568,215","62,684","41,586","463,945","173,570"
January 2024,"5,996,107","1,189,366","910,621","223,574","685,639","1,408","278,745","241,599","36,646",500,"4,038,839","2,734,155","919,454","1,811,362","3,339","1,304,684","1,300,836","3,824",24,"767,902","585,808","66,824","39,683","479,301","182,094"
February 2024,"6,059,632","1,459,708","1,127,588","256,940","863,248","7,400","332,120","294,631","36,730",759,"3,903,868","2,696,638","900,551","1,790,552","5,535","1,207,230","1,203,658","3,473",99,"696,056","592,669","68,592","36,493","487,584","103,387"
March 2024,"7,456,062","1,682,944","1,336,056","314,412","1,006,609","15,035","346,888","299,806","45,863","1,219","5,014,786","3,587,100","1,102,718","2,474,154","10,228","1,427,686","1,421,844","5,819",23,"758,332","628,291","69,330","39,956","519,005","130,041"
April 2024,"7,137,558","1,886,774","1,476,081","338,941","1,081,227","55,913","410,693","339,540","61,205","9,948","4,466,304","3,265,468","969,354","2,278,315","17,799","1,200,836","1,194,392","4,634","1,810","784,480","655,597","70,280","67,195","518,122","128,883"
May 2024,"7,964,471","2,687,964","2,072,414","478,262","1,369,118","225,034","615,550","472,784","99,157","43,609","4,388,244","3,380,612","863,362","2,463,544","53,706","1,007,632","999,664","4,875","3,093","888,263","770,393","76,665","159,118","534,610","117,870"
June 2024,"8,324,558","3,643,749","2,897,819","716,155","1,854,296","327,368","745,930","594,847","114,349","36,734","3,842,993","3,014,943","638,697","2,338,388","37,858","828,050","823,229","3,157","1,664","837,816","727,353","74,413","173,990","478,950","110,463"
July 2024,"9,868,812","4,260,020","3,353,349","757,800","2,233,841","361,708","906,671","702,836","163,346","40,489","4,764,227","3,802,378","672,209","3,080,319","49,850","961,849","953,990","3,008","4,851","844,565","723,450","76,157","184,169","463,124","121,115"
August 2024,"10,287,567","4,007,080","3,195,854","658,839","2,163,030","373,985","811,226","592,817","173,281","45,128","5,309,213","4,165,080","733,921","3,367,608","63,551","1,144,133","1,135,533","3,919","4,681","971,274","760,097","75,792","201,111","483,194","211,177"
September 2024,"7,975,749","2,882,158","2,198,468","524,015","1,345,936","328,517","683,690","503,646","112,229","67,815","4,210,993","3,263,428","702,673","2,504,831","55,924","947,565","940,093","3,537","3,935","882,598","737,383","72,758","211,908","452,717","145,215"
October 2024,"7,116,079","2,252,283","1,760,987","421,401","1,219,730","119,856","491,296","375,214","96,115","19,967","4,085,936","3,170,986","807,440","2,341,957","21,589","914,950","910,096","3,708","1,146","777,860","695,241","75,036","102,271","517,934","82,619"
November 2024,"6,307,869","1,734,045","1,448,685","327,266","1,108,268","13,151","285,360","229,768","53,835","1,757","3,908,515","2,940,721","820,944","2,111,545","8,232","967,794","964,142","3,619",33,"665,309","595,879","64,681","42,871","488,327","69,430"
December 2024,"6,863,891","2,132,061","1,685,491","414,766","1,251,527","19,198","446,570","388,882","56,076","1,612","4,067,770","2,993,344","807,318","2,177,772","8,254","1,074,426","1,070,441","3,935",50,"664,060","563,918","62,528","44,155","457,235","100,142"
January 2025,"6,241,804","1,414,635","1,105,027","255,268","848,652","1,107","309,608","270,017","38,959",632,"4,063,858","2,690,363","864,409","1,823,482","2,472","1,373,495","1,372,484",997,14,"763,311","611,775","69,899","45,141","496,735","151,536"
February 2025,"5,552,560","1,391,190","1,076,683","266,305","806,828","3,550","314,507","280,874","33,211",422,"3,519,302","2,245,517","851,889","1,392,362","1,266","1,273,785","1,273,222",504,59,"642,068","565,437","67,380","39,937","458,120","76,631"
March 2025,"6,657,640","1,587,932","1,257,520","330,839","914,692","11,989","330,412","291,885","37,529",998,"4,335,762","2,760,377","1,047,781","1,707,741","4,855","1,575,385","1,574,186","1,091",108,"733,946","650,030","76,482","47,231","526,317","83,916"
April 2025,"6,220,312","1,824,703","1,360,708","340,174","978,727","41,807","463,995","400,818","56,337","6,840","3,698,382","2,350,651","867,632","1,471,862","11,157","1,347,731","1,345,697",647,"1,387","697,227","612,743","68,339","66,085","478,319","84,484"
May 2025,"6,850,266","2,595,836","1,969,363","480,934","1,270,086","218,343","626,473","506,211","78,752","41,510","3,435,522","2,320,825","727,367","1,553,520","39,938","1,114,697","1,112,099",661,"1,937","818,908","725,625","71,154","164,218","490,253","93,283"
June 2025,"7,448,847","3,571,205","2,786,594","734,854","1,732,220","319,520","784,611","656,075","95,061","33,475","3,069,983","2,165,384","553,074","1,588,023","24,287","904,599","902,737",509,"1,353","807,659","721,598","73,333","178,001","470,264","86,061"
July 2025,"8,714,944","4,250,749","3,251,100","789,979","2,113,236","347,885","999,649","816,235","144,860","38,554","3,610,319","2,568,786","563,466","1,977,100","28,220","1,041,533","1,038,460",136,"2,937","853,876","757,044","83,357","184,727","488,960","96,832"
August 2025,"9,142,404","4,037,165","3,151,192","655,536","2,106,306","389,350","885,973","678,772","160,037","47,164","4,169,178","2,926,444","608,812","2,272,865","44,767","1,242,734","1,238,805",163,"3,766","936,061","764,268","75,319","212,354","476,595","171,793"
September 2025,"6,989,273","2,876,327","2,142,122","532,489","1,294,281","315,352","734,205","574,449","96,324","63,432","3,256,582","2,255,225","567,149","1,656,101","31,975","1,001,357","997,411",50,"3,896","856,364","749,997","72,838","207,833","469,326","106,367"
October 2025,"6,453,858","2,363,398","1,814,406","448,011","1,224,063","142,332","548,992","447,649","85,798","15,545","3,335,069","2,336,872","685,144","1,635,834","15,894","998,197","997,480",77,640,"755,391","691,262","70,911","115,474","504,877","64,129"
November 2025,"5,599,076","1,642,110","1,317,865","299,896","1,005,914","12,055","324,245","277,671","43,273","3,301","3,346,553","2,246,803","721,566","1,520,100","5,137","1,099,750","1,099,619",60,71,"610,413","552,025","59,756","47,110","445,159","58,388"
December 2025,"6,151,814","2,069,120","1,559,607","395,762","1,155,608","8,237","509,513","462,205","45,837","1,471","3,457,147","2,244,432","718,363","1,520,683","5,386","1,212,715","1,212,593",76,46,"625,547","553,126","61,129","47,596","444,401","72,421"
January 2026,"5,694,588","1,404,733","1,101,559","262,095","838,386","1,078","303,174","270,899","31,804",471,"3,617,233","2,098,665","753,441","1,343,404","1,820","1,518,568","1,518,522",33,13,"672,622","536,393","61,051","44,621","430,721","136,229"
February 2026,"5,408,197","1,478,633","1,140,552","279,030","857,723","3,799","338,081","307,905","29,711",465,"3,326,206","1,965,884","749,543","1,215,320","1,021","1,360,322","1,360,292",25,5,"603,358","538,464","63,832","41,693","432,939","64,894"
March 2026,"6,565,088","1,662,215","1,313,158","340,901","960,470","11,787","349,057","312,917","35,279",861,"4,214,270","2,584,339","934,145","1,645,703","4,491","1,629,931","1,629,825",66,40,"688,603","614,143","70,703","46,332","497,108","74,460"
April 2026,"6,356,894","1,886,926","1,454,250","366,572","1,046,931","40,747","432,676","380,351","48,702","3,623","3,776,851","2,393,095","805,904","1,578,592","8,599","1,383,756","1,383,010",71,675,"693,117","618,887","67,533","62,877","488,477","74,230"
May 2026,"7,425,581","2,891,190","2,225,875","510,005","1,441,984","273,886","665,315","533,856","77,121","54,338","3,702,374","2,550,542","703,732","1,803,242","43,568","1,151,832","1,147,911",83,"3,838","832,017","751,397","72,210","189,178","490,009","80,620"
June 2026,"7,808,169","3,767,868","2,956,889","725,628","1,855,638","375,623","810,979","691,189","86,094","33,696","3,180,470","2,274,040","546,456","1,700,485","27,099","906,430","903,476",78,"2,876","859,831","782,296","79,651","206,040","496,605","77,535"